[
  {
    "ID": 1,
    "Location": "0604 Las Lagunas Boulevard, Apt. 4",
    "x": 11.482,
    "y": 81.433,
    "z": 79,
    "Categories": "Online Safehouse",
    "Function": "Trigger",
    "Geometry": "Point",
    "IPL": ""
  },
  {
    "ID": 2,
    "Location": "3 Alta Street, Apartment Entrance Glitch",
    "x": -266.052,
    "y": -968.63,
    "z": 31.224,
    "Categories": "Glitch",
    "Function": "Void",
    "Geometry": "Inaccessible",
    "IPL": ""
  },
  {
    "ID": 3,
    "Location": "Abandon Mine",
    "x": -595.342,
    "y": 2086.008,
    "z": 131.412,
    "Categories": "",
    "Function": "",
    "Geometry": "POI",
    "IPL": ""
  },
  {
    "ID": 4,
    "Location": "Airplane Graveyard Airplane Tail",
    "x": 2395.096,
    "y": 3049.616,
    "z": 60.053,
    "Categories": "",
    "Function": "",
    "Geometry": "POI",
    "IPL": ""
  },
  {
    "ID": 5,
    "Location": "Airport - Airstrip",
    "x": -1336,
    "y": -3044,
    "z": 13.9,
    "Categories": "Place",
    "Function": "",
    "Geometry": "Point",
    "IPL": ""
  },
  {
    "ID": 6,
    "Location": "Airport - Helipad",
    "x": -1102.29,
    "y": -2894.52,
    "z": 13.947,
    "Categories": "Airfield",
    "Function": "Transport",
    "Geometry": "Point",
    "IPL": ""
  },
  {
    "ID": 7,
    "Location": "Airport Entrance",
    "x": -1034.6,
    "y": -2733.6,
    "z": 13.8,
    "Categories": "POI",
    "Function": "Structure",
    "Geometry": "Entrance",
    "IPL": ""
  },
  {
    "ID": 8,
    "Location": "Airport Terminal",
    "x": -1561.525,
    "y": -3232.345,
    "z": 27.336,
    "Categories": "POI",
    "Function": "Structure",
    "Geometry": "Inside",
    "IPL": ""
  },
  {
    "ID": 9,
    "Location": "Altruist Camp",
    "x": -1170.115,
    "y": 4926.134,
    "z": 224.355,
    "Categories": "Resticted Area",
    "Function": "",
    "Geometry": "Point",
    "IPL": ""
  },
  {
    "ID": 10,
    "Location": "Altruist Camp - Altar",
    "x": -1166,
    "y": 4927,
    "z": 224,
    "Categories": "Resticted Area",
    "Function": "Sight",
    "Geometry": "Point",
    "IPL": ""
  },
  {
    "ID": 11,
    "Location": "Altruist Camp - Roof",
    "x": -1143.15,
    "y": 4951.188,
    "z": 230.153,
    "Categories": "Resticted Area",
    "Function": "Vantage Point",
    "Geometry": "Point",
    "IPL": ""
  },
  {
    "ID": 12,
    "Location": "Altruist Camp Mountain",
    "x": -935.936,
    "y": 4836.747,
    "z": 310.52,
    "Categories": "POI",
    "Function": "Sight",
    "Geometry": "Point",
    "IPL": ""
  },
  {
    "ID": 13,
    "Location": "Altruist Camp Mountain - Radio Tower",
    "x": -1002,
    "y": 4842,
    "z": 280,
    "Categories": "Resticted Area",
    "Function": "Sight",
    "Geometry": "Point",
    "IPL": ""
  },
  {
    "ID": 14,
    "Location": "Altruist Cult Camp",
    "x": -1170.841,
    "y": 4926.646,
    "z": 224.295,
    "Categories": "",
    "Function": "",
    "Geometry": "POI",
    "IPL": ""
  },
  {
    "ID": 15,
    "Location": "Ammunation - Gun range, Pillbox Hill",
    "x": 22.873,
    "y": -1073.88,
    "z": 29.797,
    "Categories": "Glitch",
    "Function": "Detailed",
    "Geometry": "Inaccessible",
    "IPL": ""
  },
  {
    "ID": 16,
    "Location": "Ammunation - Office, Pillbox Hill",
    "x": 12.455,
    "y": -1110.26,
    "z": 29.797,
    "Categories": "Glitch",
    "Function": "Detailed",
    "Geometry": "Inaccessible",
    "IPL": ""
  },
  {
    "ID": 17,
    "Location": "Ammunation (Sandy Shore)",
    "x": 1696.105,
    "y": 3755.167,
    "z": 34.705,
    "Categories": "Shop",
    "Function": "",
    "Geometry": "Inside",
    "IPL": ""
  },
  {
    "ID": 18,
    "Location": "Ammunation Gun Range",
    "x": 22.153,
    "y": -1072.854,
    "z": 29.797,
    "Categories": "",
    "Function": "",
    "Geometry": "Inaccessible",
    "IPL": ""
  },
  {
    "ID": 19,
    "Location": "Ammunation Office",
    "x": 12.494,
    "y": -1110.13,
    "z": 29.797,
    "Categories": "",
    "Function": "",
    "Geometry": "Inaccessible",
    "IPL": ""
  },
  {
    "ID": 20,
    "Location": "Ammunation, Hawick",
    "x": 247.365,
    "y": -45.878,
    "z": 69.941,
    "Categories": "Shop",
    "Function": "",
    "Geometry": "Inside",
    "IPL": ""
  },
  {
    "ID": 21,
    "Location": "Another Bridge Glitch",
    "x": -615.299,
    "y": -577.678,
    "z": 30.669,
    "Categories": "",
    "Function": "",
    "Geometry": "",
    "IPL": ""
  },
  {
    "ID": 22,
    "Location": "Another pool",
    "x": -1197.156,
    "y": -246.153,
    "z": 37.955,
    "Categories": "",
    "Function": "",
    "Geometry": "",
    "IPL": ""
  },
  {
    "ID": 23,
    "Location": "Apartment Medium-end",
    "x": 347,
    "y": -999,
    "z": -99,
    "Categories": "Online Safehouse",
    "Function": "",
    "Geometry": "Inside",
    "IPL": ""
  },
  {
    "ID": 24,
    "Location": "Avi Hideout (Kill Boost Island)",
    "x": -2177.44,
    "y": 5182.596,
    "z": 16.475,
    "Categories": "POI",
    "Function": "Structure",
    "Geometry": "Point",
    "IPL": ""
  },
  {
    "ID": 25,
    "Location": "Beach Blazer location",
    "x": -1595.649,
    "y": -1128.087,
    "z": 1.832,
    "Categories": "Transport",
    "Function": "",
    "Geometry": "",
    "IPL": ""
  },
  {
    "ID": 26,
    "Location": "Beach Skatepark",
    "x": -1374.881,
    "y": -1398.835,
    "z": 6.141,
    "Categories": "",
    "Function": "",
    "Geometry": "POI",
    "IPL": ""
  },
  {
    "ID": 27,
    "Location": "Behind sewer gate",
    "x": 1234.459,
    "y": -1080.1,
    "z": 31.157,
    "Categories": "",
    "Function": "",
    "Geometry": "",
    "IPL": ""
  },
  {
    "ID": 28,
    "Location": "Bike race",
    "x": 2124.526,
    "y": 1668.709,
    "z": 96.271,
    "Categories": "Online Mission",
    "Function": "Mission",
    "Geometry": "Point",
    "IPL": ""
  },
  {
    "ID": 29,
    "Location": "Black UFO",
    "x": -2052.662,
    "y": 3236.953,
    "z": 1466.315,
    "Categories": "Easter Egg",
    "Function": "",
    "Geometry": "Sky",
    "IPL": ""
  },
  {
    "ID": 30,
    "Location": "Blaine County Savings Bank",
    "x": -109.299,
    "y": 6464.035,
    "z": 31.627,
    "Categories": "",
    "Function": "",
    "Geometry": "Inside",
    "IPL": ""
  },
  {
    "ID": 31,
    "Location": "Building Glitch, West Vinewood",
    "x": -91.687,
    "y": 33.095,
    "z": 71.466,
    "Categories": "Glitch",
    "Function": "Void",
    "Geometry": "Inaccessible",
    "IPL": ""
  },
  {
    "ID": 32,
    "Location": "Building wall glitch",
    "x": -224.955,
    "y": -79.645,
    "z": 80.078,
    "Categories": "",
    "Function": "",
    "Geometry": "",
    "IPL": ""
  },
  {
    "ID": 33,
    "Location": "BuildingTop/ledge (Scenic)",
    "x": 201.976,
    "y": -567.62,
    "z": 131.668,
    "Categories": "",
    "Function": "",
    "Geometry": "",
    "IPL": ""
  },
  {
    "ID": 34,
    "Location": "Burnt FIB Building",
    "x": 160.868,
    "y": -745.831,
    "z": 250.063,
    "Categories": "",
    "Function": "",
    "Geometry": "Inside",
    "IPL": ""
  },
  {
    "ID": 35,
    "Location": "Calafia Train Bridge",
    "x": -517.869,
    "y": 4425.284,
    "z": 89.795,
    "Categories": "",
    "Function": "",
    "Geometry": "POI",
    "IPL": ""
  },
  {
    "ID": 36,
    "Location": "Car Wash - Hands on",
    "x": 53.94,
    "y": -1390.77,
    "z": 29.373,
    "Categories": "Shop",
    "Function": "",
    "Geometry": "Entrance",
    "IPL": ""
  },
  {
    "ID": 37,
    "Location": "Cargo Ship",
    "x": 899.678,
    "y": -2882.191,
    "z": 19.013,
    "Categories": "",
    "Function": "",
    "Geometry": "POI",
    "IPL": ""
  },
  {
    "ID": 38,
    "Location": "Carrier (MP Only)",
    "x": 3069.33,
    "y": -4704.22,
    "z": 15.043,
    "Categories": "",
    "Function": "",
    "Geometry": "POI",
    "IPL": "Yes"
  },
  {
    "ID": 39,
    "Location": "Casino",
    "x": 925.329,
    "y": 46.152,
    "z": 80.908,
    "Categories": "",
    "Function": "",
    "Geometry": "POI",
    "IPL": ""
  },
  {
    "ID": 40,
    "Location": "Casino Inside",
    "x": 937.476,
    "y": 42.425,
    "z": 81.899,
    "Categories": "Glitch",
    "Function": "Detailed",
    "Geometry": "Inaccessible",
    "IPL": ""
  },
  {
    "ID": 41,
    "Location": "Cave",
    "x": -1909.682,
    "y": 1389.148,
    "z": 218.46,
    "Categories": "",
    "Function": "",
    "Geometry": "",
    "IPL": ""
  },
  {
    "ID": 42,
    "Location": "Chicken",
    "x": -31.01,
    "y": 6316.83,
    "z": 40.083,
    "Categories": "",
    "Function": "",
    "Geometry": "POI",
    "IPL": ""
  },
  {
    "ID": 43,
    "Location": "Chumash",
    "x": -3192.6,
    "y": 1100,
    "z": 20.2,
    "Categories": "Place",
    "Function": "",
    "Geometry": "Point",
    "IPL": ""
  },
  {
    "ID": 44,
    "Location": "Chumash Historic Family Pier",
    "x": -3426.683,
    "y": 967.738,
    "z": 8.347,
    "Categories": "",
    "Function": "",
    "Geometry": "POI",
    "IPL": ""
  },
  {
    "ID": 45,
    "Location": "Comedy Club",
    "x": 377.088,
    "y": -991.869,
    "z": -97.604,
    "Categories": "Mission",
    "Function": "",
    "Geometry": "Inside",
    "IPL": ""
  },
  {
    "ID": 46,
    "Location": "Construction Site - Crane (1)",
    "x": -167.982,
    "y": -1001.93,
    "z": 296.206,
    "Categories": "POI",
    "Function": "Structure",
    "Geometry": "Point",
    "IPL": ""
  },
  {
    "ID": 47,
    "Location": "Construction Site - Crane (2) Balcony",
    "x": -120.351,
    "y": -977.861,
    "z": 304.248,
    "Categories": "POI",
    "Function": "Structure",
    "Geometry": "Point",
    "IPL": ""
  },
  {
    "ID": 48,
    "Location": "Construction Site - Crane 3 (Scenic)",
    "x": -119.86,
    "y": -976.439,
    "z": 306.339,
    "Categories": "POI",
    "Function": "Sight",
    "Geometry": "Point",
    "IPL": ""
  },
  {
    "ID": 49,
    "Location": "Construction Site on building",
    "x": -147.593,
    "y": -964.695,
    "z": 254.133,
    "Categories": "POI",
    "Function": "Vantage Point",
    "Geometry": "Point",
    "IPL": ""
  },
  {
    "ID": 50,
    "Location": "Construction Site, Building Wireframe",
    "x": -129.384,
    "y": -951.133,
    "z": 218.882,
    "Categories": "POI",
    "Function": "Vantage Point",
    "Geometry": "Point",
    "IPL": ""
  },
  {
    "ID": 51,
    "Location": "Creek (Mountain Tower)",
    "x": 2784.606,
    "y": 6000.877,
    "z": 357.201,
    "Categories": "",
    "Function": "",
    "Geometry": "",
    "IPL": ""
  },
  {
    "ID": 52,
    "Location": "Creek Mountain top",
    "x": 2495.127,
    "y": 6196.14,
    "z": 202.541,
    "Categories": "",
    "Function": "",
    "Geometry": "",
    "IPL": ""
  },
  {
    "ID": 53,
    "Location": "Crop field",
    "x": 270.54,
    "y": 6614.443,
    "z": 29.842,
    "Categories": "",
    "Function": "",
    "Geometry": "",
    "IPL": ""
  },
  {
    "ID": 54,
    "Location": "Cypress Flatt",
    "x": 895.525,
    "y": -2301.56,
    "z": 30.384,
    "Categories": "Glitch",
    "Function": "Void",
    "Geometry": "Inaccessible",
    "IPL": ""
  },
  {
    "ID": 55,
    "Location": "Damaged Hospital",
    "x": 356.822,
    "y": -590.151,
    "z": 43.315,
    "Categories": "",
    "Function": "",
    "Geometry": "Inside",
    "IPL": "Yes"
  },
  {
    "ID": 56,
    "Location": "Dead Sea Monster",
    "x": -3373.726,
    "y": 504.714,
    "z": -24.656,
    "Categories": "Easter Egg",
    "Function": "",
    "Geometry": "Underwater",
    "IPL": ""
  },
  {
    "ID": 57,
    "Location": "Deathmatch",
    "x": 138.133,
    "y": -1448.68,
    "z": 29.224,
    "Categories": "Online Mission",
    "Function": "Mission",
    "Geometry": "Point",
    "IPL": ""
  },
  {
    "ID": 58,
    "Location": "Deep Ocean (Stuck Glitch)",
    "x": 4499.947,
    "y": -3946.651,
    "z": -100016.9,
    "Categories": "",
    "Function": "",
    "Geometry": "",
    "IPL": ""
  },
  {
    "ID": 59,
    "Location": "Del Perro Beach - Underwater Hotspot",
    "x": -2183.04,
    "y": -1051,
    "z": -143.771,
    "Categories": "Ocean",
    "Function": "",
    "Geometry": "Underwater",
    "IPL": ""
  },
  {
    "ID": 60,
    "Location": "Del Perro Beach - Underwater Shallow",
    "x": -1952.17,
    "y": -975.57,
    "z": -16.839,
    "Categories": "Ocean",
    "Function": "",
    "Geometry": "Underwater",
    "IPL": ""
  },
  {
    "ID": 61,
    "Location": "Del Perro Heights Entrance Trigger",
    "x": -1440.47,
    "y": -544.029,
    "z": 35,
    "Categories": "Online Safehouse",
    "Function": "Trigger",
    "Geometry": "Point",
    "IPL": ""
  },
  {
    "ID": 62,
    "Location": "Del Perro Heights, Apt. 20",
    "x": -1466.041,
    "y": -532.23,
    "z": 56,
    "Categories": "Online Safehouse",
    "Function": "",
    "Geometry": "Inside",
    "IPL": ""
  },
  {
    "ID": 63,
    "Location": "Del Perro Pier",
    "x": -1850.127,
    "y": -1231.751,
    "z": 13.017,
    "Categories": "",
    "Function": "",
    "Geometry": "POI",
    "IPL": ""
  },
  {
    "ID": 64,
    "Location": "Del Perro Pier - Ferris Wheel",
    "x": -1670.7,
    "y": -1125,
    "z": 13,
    "Categories": "POI",
    "Function": "Structure",
    "Geometry": "Entrance",
    "IPL": ""
  },
  {
    "ID": 65,
    "Location": "Del Perro Pier - Ferris Wheel Centre",
    "x": -1664.17,
    "y": -1126.53,
    "z": 32.151,
    "Categories": "Glitch",
    "Function": "Fun",
    "Geometry": "Inside",
    "IPL": ""
  },
  {
    "ID": 66,
    "Location": "Devin Weston's House",
    "x": -2639.872,
    "y": 1866.812,
    "z": 160.135,
    "Categories": "",
    "Function": "",
    "Geometry": "POI",
    "IPL": ""
  },
  {
    "ID": 67,
    "Location": "Director Mod Trailer",
    "x": -20.004,
    "y": -10.889,
    "z": 500.602,
    "Categories": "",
    "Function": "",
    "Geometry": "POI",
    "IPL": ""
  },
  {
    "ID": 68,
    "Location": "Eclipse Towers (Outside)",
    "x": -775.05,
    "y": 312.32,
    "z": 85.7,
    "Categories": "Online Safehouse",
    "Function": "",
    "Geometry": "Entrance",
    "IPL": ""
  },
  {
    "ID": 69,
    "Location": "Eclipse Towers Entrance Trigger",
    "x": -778.615,
    "y": 312.671,
    "z": 86,
    "Categories": "Online Safehouse",
    "Function": "Trigger",
    "Geometry": "Point",
    "IPL": ""
  },
  {
    "ID": 70,
    "Location": "Eclipse Towers Garage (Outside)",
    "x": -795.46,
    "y": 308.89,
    "z": 85.71,
    "Categories": "Online Safehouse",
    "Function": "",
    "Geometry": "Entrance",
    "IPL": ""
  },
  {
    "ID": 71,
    "Location": "Eclipse Towers Glitch",
    "x": -785.487,
    "y": 314.716,
    "z": 90.219,
    "Categories": "Glitch",
    "Function": "Void",
    "Geometry": "Inaccessible",
    "IPL": ""
  },
  {
    "ID": 72,
    "Location": "Eclipse Towers Roof",
    "x": -769.8,
    "y": 331.208,
    "z": 234.269,
    "Categories": "POI",
    "Function": "Vantage Point",
    "Geometry": "Point",
    "IPL": ""
  },
  {
    "ID": 73,
    "Location": "Eclipse Towers, Apt 31",
    "x": -790,
    "y": 336,
    "z": 207,
    "Categories": "Online Safehouse",
    "Function": "",
    "Geometry": "Inside",
    "IPL": ""
  },
  {
    "ID": 74,
    "Location": "Eclipse Towers, Apt 31 - Shower",
    "x": -796.938,
    "y": 333.721,
    "z": 210.834,
    "Categories": "",
    "Function": "",
    "Geometry": "",
    "IPL": ""
  },
  {
    "ID": 75,
    "Location": "Eclipse Towers, Apt 40",
    "x": -764,
    "y": 321,
    "z": 220,
    "Categories": "Online Safehouse",
    "Function": "",
    "Geometry": "Inside",
    "IPL": ""
  },
  {
    "ID": 76,
    "Location": "Eclipse Towers, Apt 5",
    "x": -790,
    "y": 336,
    "z": 159,
    "Categories": "Online Safehouse",
    "Function": "",
    "Geometry": "Inside",
    "IPL": ""
  },
  {
    "ID": 77,
    "Location": "Eclipse Towers, Apt 9",
    "x": -764,
    "y": 321,
    "z": 175,
    "Categories": "Online Safehouse",
    "Function": "",
    "Geometry": "Inside",
    "IPL": ""
  },
  {
    "ID": 78,
    "Location": "El Gordo Lighthouse",
    "x": 3430.155,
    "y": 5174.196,
    "z": 41.28,
    "Categories": "",
    "Function": "",
    "Geometry": "POI",
    "IPL": ""
  },
  {
    "ID": 79,
    "Location": "Elburro Heights",
    "x": 1384,
    "y": -2057.1,
    "z": 52,
    "Categories": "Place",
    "Function": "",
    "Geometry": "Point",
    "IPL": ""
  },
  {
    "ID": 80,
    "Location": "Elysian Island",
    "x": 338.2,
    "y": -2715.9,
    "z": 38.5,
    "Categories": "Place",
    "Function": "",
    "Geometry": "Point",
    "IPL": ""
  },
  {
    "ID": 81,
    "Location": "Elysian Island Base",
    "x": 574.391,
    "y": -3121.322,
    "z": 18.769,
    "Categories": "",
    "Function": "",
    "Geometry": "",
    "IPL": ""
  },
  {
    "ID": 82,
    "Location": "End Island",
    "x": 33.756,
    "y": 7692.737,
    "z": 2.579,
    "Categories": "",
    "Function": "",
    "Geometry": "",
    "IPL": ""
  },
  {
    "ID": 83,
    "Location": "Epsilon Building",
    "x": -695.025,
    "y": 82.955,
    "z": 55.855,
    "Categories": "",
    "Function": "",
    "Geometry": "POI",
    "IPL": ""
  },
  {
    "ID": 84,
    "Location": "Far End Island 2",
    "x": 25.862,
    "y": 7676.768,
    "z": 1.583,
    "Categories": "",
    "Function": "",
    "Geometry": "",
    "IPL": ""
  },
  {
    "ID": 85,
    "Location": "FIB Building",
    "x": 135.522,
    "y": -749.001,
    "z": 261,
    "Categories": "Mission",
    "Function": "Interior",
    "Geometry": "Inside",
    "IPL": ""
  },
  {
    "ID": 86,
    "Location": "FIB Building Burnt",
    "x": 132.387,
    "y": -758.833,
    "z": 250,
    "Categories": "Mission",
    "Function": "Interior",
    "Geometry": "Inside",
    "IPL": ""
  },
  {
    "ID": 87,
    "Location": "FIB Building Roof",
    "x": 135.522,
    "y": -749.001,
    "z": 266.61,
    "Categories": "",
    "Function": "",
    "Geometry": "",
    "IPL": ""
  },
  {
    "ID": 88,
    "Location": "FIB Roof",
    "x": 150.126,
    "y": -754.591,
    "z": 262.865,
    "Categories": "",
    "Function": "",
    "Geometry": "POI",
    "IPL": ""
  },
  {
    "ID": 89,
    "Location": "FIB Roof Glitch",
    "x": 135.954,
    "y": -749.898,
    "z": 258.152,
    "Categories": "",
    "Function": "",
    "Geometry": "",
    "IPL": ""
  },
  {
    "ID": 90,
    "Location": "FIB Top Floor",
    "x": 135.733,
    "y": -749.216,
    "z": 258.152,
    "Categories": "",
    "Function": "",
    "Geometry": "Inside",
    "IPL": ""
  },
  {
    "ID": 91,
    "Location": "Floyd's Apartment",
    "x": -1150.703,
    "y": -1520.713,
    "z": 10.633,
    "Categories": "",
    "Function": "",
    "Geometry": "Inside",
    "IPL": ""
  },
  {
    "ID": 92,
    "Location": "Fort (Water Body) - Good forJetskiing",
    "x": 1720.952,
    "y": 33.937,
    "z": 159.746,
    "Categories": "",
    "Function": "",
    "Geometry": "",
    "IPL": ""
  },
  {
    "ID": 93,
    "Location": "Fort building near dam",
    "x": 1663.361,
    "y": -27.398,
    "z": 173.775,
    "Categories": "",
    "Function": "",
    "Geometry": "",
    "IPL": ""
  },
  {
    "ID": 94,
    "Location": "Fort pier (near dam)",
    "x": 1693.261,
    "y": 44.338,
    "z": 161.769,
    "Categories": "",
    "Function": "",
    "Geometry": "",
    "IPL": ""
  },
  {
    "ID": 95,
    "Location": "Fort Zancudo ATC entrance",
    "x": -2344.373,
    "y": 3267.498,
    "z": 32.811,
    "Categories": "",
    "Function": "",
    "Geometry": "Inside",
    "IPL": ""
  },
  {
    "ID": 96,
    "Location": "Fort Zancudo ATC top floor",
    "x": -2358.132,
    "y": 3249.754,
    "z": 101.451,
    "Categories": "",
    "Function": "",
    "Geometry": "Inside",
    "IPL": ""
  },
  {
    "ID": 97,
    "Location": "Fort Zankudo UFO",
    "x": 2052,
    "y": 3237,
    "z": 1456.973,
    "Categories": "",
    "Function": "",
    "Geometry": "POI",
    "IPL": "Yes"
  },
  {
    "ID": 98,
    "Location": "Franklin - New House",
    "x": 7.9,
    "y": 548.1,
    "z": 175.5,
    "Categories": "Safehouse",
    "Function": "",
    "Geometry": "Entrance",
    "IPL": ""
  },
  {
    "ID": 99,
    "Location": "Franklin - New House (Inside)",
    "x": 7.415,
    "y": 535.549,
    "z": 176.028,
    "Categories": "Safehouse",
    "Function": "",
    "Geometry": "Inside",
    "IPL": ""
  },
  {
    "ID": 100,
    "Location": "Franklin - Old House",
    "x": -14.128,
    "y": -1445.483,
    "z": 30.648,
    "Categories": "Safehouse",
    "Function": "",
    "Geometry": "Entrance",
    "IPL": ""
  },
  {
    "ID": 101,
    "Location": "Franklin - Old House (Inside)",
    "x": -14.969,
    "y": -1436.443,
    "z": 32.119,
    "Categories": "Safehouse",
    "Function": "",
    "Geometry": "Inside",
    "IPL": ""
  },
  {
    "ID": 102,
    "Location": "Franklins - New House Bedroom",
    "x": 2.601,
    "y": 525.518,
    "z": 170.617,
    "Categories": "Safehouse",
    "Function": "",
    "Geometry": "Inside",
    "IPL": ""
  },
  {
    "ID": 103,
    "Location": "Galileo Observatory Roof",
    "x": -438.796,
    "y": 1075.821,
    "z": 353,
    "Categories": "POI",
    "Function": "Sight",
    "Geometry": "Point",
    "IPL": ""
  },
  {
    "ID": 104,
    "Location": "Galileo Observatory Roof",
    "x": -438.804,
    "y": 1076.097,
    "z": 352.411,
    "Categories": "",
    "Function": "",
    "Geometry": "POI",
    "IPL": ""
  },
  {
    "ID": 105,
    "Location": "Garage",
    "x": 222.542,
    "y": -999.838,
    "z": -99,
    "Categories": "",
    "Function": "",
    "Geometry": "",
    "IPL": ""
  },
  {
    "ID": 106,
    "Location": "Garage - 10 Cars",
    "x": 229.357,
    "y": -992.911,
    "z": -99,
    "Categories": "Online Safehouse",
    "Function": "",
    "Geometry": "Inside",
    "IPL": ""
  },
  {
    "ID": 107,
    "Location": "Garage - 10 Cars (Back room)",
    "x": 223.193,
    "y": -967.322,
    "z": -99,
    "Categories": "Glitch",
    "Function": "Detailed",
    "Geometry": "Inaccessible",
    "IPL": ""
  },
  {
    "ID": 108,
    "Location": "Garage - 10 Cars (Back room)",
    "x": 222.592,
    "y": -968.1,
    "z": -99,
    "Categories": "",
    "Function": "",
    "Geometry": "",
    "IPL": ""
  },
  {
    "ID": 109,
    "Location": "Garage - 10 Cars (Near Elevator)",
    "x": 234,
    "y": -1004,
    "z": -98,
    "Categories": "Online Safehouse",
    "Function": "",
    "Geometry": "Inside",
    "IPL": ""
  },
  {
    "ID": 110,
    "Location": "Garage - 6 Cars",
    "x": 204.952,
    "y": -994.91,
    "z": -99,
    "Categories": "Online Safehouse",
    "Function": "",
    "Geometry": "Inside",
    "IPL": ""
  },
  {
    "ID": 111,
    "Location": "Garage car tools",
    "x": 211.25,
    "y": -962.75,
    "z": 24.967,
    "Categories": "",
    "Function": "",
    "Geometry": "",
    "IPL": ""
  },
  {
    "ID": 112,
    "Location": "Garage wall (Use to get weapons back)",
    "x": 220.6,
    "y": -1006.76,
    "z": -99,
    "Categories": "Online POI",
    "Function": "Online Glitch",
    "Geometry": "Point",
    "IPL": ""
  },
  {
    "ID": 113,
    "Location": "GO Postal",
    "x": 78.978,
    "y": 113.417,
    "z": 81.169,
    "Categories": "Glitch",
    "Function": "Void",
    "Geometry": "Inaccessible",
    "IPL": ""
  },
  {
    "ID": 114,
    "Location": "GO Postal 2",
    "x": 67.408,
    "y": 123.526,
    "z": 86.129,
    "Categories": "Glitch",
    "Function": "Void",
    "Geometry": "Inaccessible",
    "IPL": ""
  },
  {
    "ID": 115,
    "Location": "God's thumb",
    "x": -1006.402,
    "y": 6272.383,
    "z": 1.503,
    "Categories": "",
    "Function": "",
    "Geometry": "POI",
    "IPL": ""
  },
  {
    "ID": 116,
    "Location": "Grapeseed Air Field",
    "x": 2124.033,
    "y": 4800.586,
    "z": 41.003,
    "Categories": "",
    "Function": "",
    "Geometry": "",
    "IPL": ""
  },
  {
    "ID": 117,
    "Location": "Heist - Aircraft Carrier",
    "x": 3084.73,
    "y": -4770.709,
    "z": 16.262,
    "Categories": "Online Heist",
    "Function": "",
    "Geometry": "Point",
    "IPL": "Yes"
  },
  {
    "ID": 118,
    "Location": "Hidden Garage (No Enter/Exit)",
    "x": -20.43,
    "y": -685.106,
    "z": 32.338,
    "Categories": "",
    "Function": "",
    "Geometry": "",
    "IPL": ""
  },
  {
    "ID": 119,
    "Location": "Highway for Running",
    "x": 1308.46,
    "y": 590.709,
    "z": 80.241,
    "Categories": "",
    "Function": "",
    "Geometry": "",
    "IPL": ""
  },
  {
    "ID": 120,
    "Location": "Hippy Camp",
    "x": 2476.712,
    "y": 3789.645,
    "z": 41.226,
    "Categories": "",
    "Function": "",
    "Geometry": "POI",
    "IPL": ""
  },
  {
    "ID": 121,
    "Location": "Horses Head",
    "x": -690.976,
    "y": -243.348,
    "z": 45.829,
    "Categories": "",
    "Function": "",
    "Geometry": "",
    "IPL": ""
  },
  {
    "ID": 122,
    "Location": "Hospital Helipads",
    "x": 322.055,
    "y": -1448.038,
    "z": 46.51,
    "Categories": "",
    "Function": "",
    "Geometry": "",
    "IPL": ""
  },
  {
    "ID": 123,
    "Location": "Human Research Lab (Deep)",
    "x": 3628.01,
    "y": 3748.272,
    "z": -16.356,
    "Categories": "",
    "Function": "",
    "Geometry": "",
    "IPL": ""
  },
  {
    "ID": 124,
    "Location": "Humane Labs Entrance",
    "x": 3619.749,
    "y": 2742.74,
    "z": 28.69,
    "Categories": "",
    "Function": "",
    "Geometry": "Inside",
    "IPL": ""
  },
  {
    "ID": 125,
    "Location": "Humane Labs Tunnel",
    "x": 3525.495,
    "y": 3705.301,
    "z": 20.992,
    "Categories": "",
    "Function": "",
    "Geometry": "Inside",
    "IPL": ""
  },
  {
    "ID": 126,
    "Location": "Humane Research Lab (Heist Escape Beach)",
    "x": 3852.077,
    "y": 3625.567,
    "z": 9.214,
    "Categories": "Place",
    "Function": "",
    "Geometry": "POI",
    "IPL": ""
  },
  {
    "ID": 127,
    "Location": "Humane Research Lab (Tunnel Outside)",
    "x": 3832.463,
    "y": 3667.182,
    "z": -21.646,
    "Categories": "",
    "Function": "",
    "Geometry": "",
    "IPL": ""
  },
  {
    "ID": 128,
    "Location": "Humane Research Lab (Tunnel)",
    "x": 3536.023,
    "y": 3740.34,
    "z": -8.863,
    "Categories": "",
    "Function": "",
    "Geometry": "",
    "IPL": ""
  },
  {
    "ID": 129,
    "Location": "Humane Research Lab (Waterbody)",
    "x": 3524.07,
    "y": 3711.95,
    "z": 20.991,
    "Categories": "",
    "Function": "",
    "Geometry": "",
    "IPL": ""
  },
  {
    "ID": 130,
    "Location": "Humane Research Lab 1",
    "x": 3617.231,
    "y": 3739.871,
    "z": 28.69,
    "Categories": "Mission",
    "Function": "Interior",
    "Geometry": "Inside",
    "IPL": ""
  },
  {
    "ID": 131,
    "Location": "Humane Research Lab 2",
    "x": 3531.703,
    "y": 3673.642,
    "z": 28.121,
    "Categories": "Mission",
    "Function": "Interior",
    "Geometry": "Inside",
    "IPL": ""
  },
  {
    "ID": 132,
    "Location": "HumaneLab (Waterbody Gate)",
    "x": 3832.764,
    "y": 3664.672,
    "z": -22.097,
    "Categories": "",
    "Function": "",
    "Geometry": "",
    "IPL": ""
  },
  {
    "ID": 133,
    "Location": "IAA Building",
    "x": 113.932,
    "y": -618.533,
    "z": 207.047,
    "Categories": "Mission",
    "Function": "Interior",
    "Geometry": "Inside",
    "IPL": ""
  },
  {
    "ID": 134,
    "Location": "IAA Building Roof",
    "x": 130.682,
    "y": -634.945,
    "z": 262.851,
    "Categories": "POI",
    "Function": "Structure",
    "Geometry": "Point",
    "IPL": ""
  },
  {
    "ID": 135,
    "Location": "IAA Office",
    "x": 117.22,
    "y": -620.938,
    "z": 206.047,
    "Categories": "",
    "Function": "",
    "Geometry": "Inside",
    "IPL": ""
  },
  {
    "ID": 136,
    "Location": "IAA Roof",
    "x": 134.085,
    "y": -637.859,
    "z": 262.851,
    "Categories": "",
    "Function": "",
    "Geometry": "POI",
    "IPL": ""
  },
  {
    "ID": 137,
    "Location": "Impound Lot",
    "x": 391.475,
    "y": -1637.975,
    "z": 29.315,
    "Categories": "Online POI",
    "Function": "",
    "Geometry": "Point",
    "IPL": ""
  },
  {
    "ID": 138,
    "Location": "In the Atmosphee (Above Maze Bank)",
    "x": -65.49,
    "y": -873.289,
    "z": 12858.21,
    "Categories": "",
    "Function": "",
    "Geometry": "",
    "IPL": ""
  },
  {
    "ID": 139,
    "Location": "Inside random building",
    "x": -278.665,
    "y": 6185.869,
    "z": 31.486,
    "Categories": "",
    "Function": "",
    "Geometry": "",
    "IPL": ""
  },
  {
    "ID": 140,
    "Location": "Inside Store",
    "x": -1244.138,
    "y": -1454.998,
    "z": 4.348,
    "Categories": "",
    "Function": "",
    "Geometry": "",
    "IPL": ""
  },
  {
    "ID": 141,
    "Location": "IOU Tower",
    "x": -866.498,
    "y": -251.813,
    "z": 41.11,
    "Categories": "Glitch",
    "Function": "Void",
    "Geometry": "Inaccessible",
    "IPL": ""
  },
  {
    "ID": 142,
    "Location": "Jet ski drop off (Park)",
    "x": -588.251,
    "y": 4397.508,
    "z": 17.398,
    "Categories": "",
    "Function": "",
    "Geometry": "",
    "IPL": ""
  },
  {
    "ID": 143,
    "Location": "Jetsam",
    "x": 760.4,
    "y": -2943.2,
    "z": 5.8,
    "Categories": "Place",
    "Function": "",
    "Geometry": "Point",
    "IPL": ""
  },
  {
    "ID": 144,
    "Location": "Jetski pier",
    "x": -1624.154,
    "y": -1165.089,
    "z": 2.096,
    "Categories": "",
    "Function": "",
    "Geometry": "",
    "IPL": ""
  },
  {
    "ID": 145,
    "Location": "Jetski stop in wilderness",
    "x": -520.712,
    "y": 4393.545,
    "z": 30.001,
    "Categories": "",
    "Function": "",
    "Geometry": "",
    "IPL": ""
  },
  {
    "ID": 146,
    "Location": "Jolene Cranley-Evans Ghost",
    "x": 3059.62,
    "y": 5564.246,
    "z": 197.091,
    "Categories": "",
    "Function": "",
    "Geometry": "POI",
    "IPL": ""
  },
  {
    "ID": 147,
    "Location": "Jonny Tung, Rockford Hill - Inside",
    "x": -879.065,
    "y": -247.745,
    "z": 40.194,
    "Categories": "Glitch",
    "Function": "Void",
    "Geometry": "Inaccessible",
    "IPL": ""
  },
  {
    "ID": 148,
    "Location": "Jonny Tung, Rockford Hill - Inside 2",
    "x": -869.288,
    "y": -250.045,
    "z": 39.78,
    "Categories": "",
    "Function": "",
    "Geometry": "",
    "IPL": ""
  },
  {
    "ID": 149,
    "Location": "Kortz Center",
    "x": -2243.81,
    "y": 264.048,
    "z": 174.615,
    "Categories": "",
    "Function": "",
    "Geometry": "POI",
    "IPL": ""
  },
  {
    "ID": 150,
    "Location": "La Puerta Freeway Bridge",
    "x": -543.932,
    "y": -2225.543,
    "z": 122.366,
    "Categories": "",
    "Function": "",
    "Geometry": "POI",
    "IPL": ""
  },
  {
    "ID": 151,
    "Location": "Land Act Dam",
    "x": 1660.369,
    "y": -12.013,
    "z": 170.02,
    "Categories": "",
    "Function": "",
    "Geometry": "POI",
    "IPL": ""
  },
  {
    "ID": 152,
    "Location": "Land Act Dam",
    "x": 1655.813,
    "y": 0.889,
    "z": 173.775,
    "Categories": "",
    "Function": "",
    "Geometry": "",
    "IPL": ""
  },
  {
    "ID": 153,
    "Location": "Land Race",
    "x": 2678.692,
    "y": 1341.611,
    "z": 24.512,
    "Categories": "Online Mission",
    "Function": "Mission",
    "Geometry": "Point",
    "IPL": ""
  },
  {
    "ID": 154,
    "Location": "Lester's House",
    "x": 1275.396,
    "y": -1714.426,
    "z": 55.772,
    "Categories": "Mission",
    "Function": "",
    "Geometry": "Inside",
    "IPL": ""
  },
  {
    "ID": 155,
    "Location": "Lester's House",
    "x": 1273.898,
    "y": -1719.304,
    "z": 54.771,
    "Categories": "",
    "Function": "",
    "Geometry": "Inside",
    "IPL": ""
  },
  {
    "ID": 156,
    "Location": "Lester's House",
    "x": 1248.183,
    "y": -1728.104,
    "z": 56,
    "Categories": "",
    "Function": "",
    "Geometry": "",
    "IPL": ""
  },
  {
    "ID": 157,
    "Location": "Life Invader Office",
    "x": -1083.59,
    "y": -257.594,
    "z": 38.885,
    "Categories": "Mission",
    "Function": "",
    "Geometry": "Inside",
    "IPL": "Yes"
  },
  {
    "ID": 158,
    "Location": "Lighthouse - Dock",
    "x": 3369.224,
    "y": 5184.15,
    "z": 1.46,
    "Categories": "POI",
    "Function": "Structure",
    "Geometry": "Point",
    "IPL": ""
  },
  {
    "ID": 159,
    "Location": "Lighthouse - Dock Winding stairs",
    "x": 3336.174,
    "y": 5172.941,
    "z": 18.316,
    "Categories": "POI",
    "Function": "Structure",
    "Geometry": "Point",
    "IPL": ""
  },
  {
    "ID": 160,
    "Location": "Lighthouse near Mt. Gondor (Highest point)",
    "x": 3430.99,
    "y": 5174.22,
    "z": 43.5,
    "Categories": "POI",
    "Function": "Structure",
    "Geometry": "Point",
    "IPL": ""
  },
  {
    "ID": 161,
    "Location": "Lighthouse near Mt. Gondor (Top)",
    "x": 3433.657,
    "y": 5175.409,
    "z": 35.805,
    "Categories": "",
    "Function": "",
    "Geometry": "",
    "IPL": ""
  },
  {
    "ID": 162,
    "Location": "Little Portola",
    "x": -635.463,
    "y": -242.402,
    "z": 38.175,
    "Categories": "",
    "Function": "",
    "Geometry": "POI",
    "IPL": ""
  },
  {
    "ID": 163,
    "Location": "Little Seoul",
    "x": -889.655,
    "y": -853.499,
    "z": 20.566,
    "Categories": "",
    "Function": "",
    "Geometry": "POI",
    "IPL": ""
  },
  {
    "ID": 164,
    "Location": "Location for Deer (Custom Model Change)",
    "x": 159.114,
    "y": 3226.078,
    "z": 40.933,
    "Categories": "",
    "Function": "",
    "Geometry": "",
    "IPL": ""
  },
  {
    "ID": 165,
    "Location": "Los Santos County Coroner Office/Morgue",
    "x": 243.351,
    "y": -1376.014,
    "z": 39.534,
    "Categories": "",
    "Function": "",
    "Geometry": "Inside",
    "IPL": "Yes"
  },
  {
    "ID": 166,
    "Location": "Los Santos Customs",
    "x": -367.734,
    "y": -130.859,
    "z": 39.117,
    "Categories": "Shop",
    "Function": "",
    "Geometry": "Entrance",
    "IPL": ""
  },
  {
    "ID": 167,
    "Location": "Los Santos Customs - Inside",
    "x": -335,
    "y": -136,
    "z": 40,
    "Categories": "Shop",
    "Function": "",
    "Geometry": "Inside",
    "IPL": ""
  },
  {
    "ID": 168,
    "Location": "Los Santos Customs - Roof",
    "x": -354.882,
    "y": -150.823,
    "z": 74.274,
    "Categories": "",
    "Function": "",
    "Geometry": "",
    "IPL": ""
  },
  {
    "ID": 169,
    "Location": "Los Santos Golf Club",
    "x": -1336.715,
    "y": 59.051,
    "z": 55.246,
    "Categories": "",
    "Function": "",
    "Geometry": "POI",
    "IPL": ""
  },
  {
    "ID": 170,
    "Location": "LSPD Char Creator",
    "x": 402.668,
    "y": -1003,
    "z": -98.004,
    "Categories": "Glitch",
    "Function": "Detailed",
    "Geometry": "Inside",
    "IPL": ""
  },
  {
    "ID": 171,
    "Location": "Luxury Autos",
    "x": -783.171,
    "y": -246.461,
    "z": 37.021,
    "Categories": "Glitch",
    "Function": "Void",
    "Geometry": "Inaccessible",
    "IPL": ""
  },
  {
    "ID": 172,
    "Location": "Maibatsu Motors Inc. - Roof",
    "x": 895.561,
    "y": -987.624,
    "z": 44.271,
    "Categories": "POI",
    "Function": "Structure",
    "Geometry": "Point",
    "IPL": ""
  },
  {
    "ID": 173,
    "Location": "Main LS Customs",
    "x": -365.425,
    "y": -131.809,
    "z": 37.873,
    "Categories": "",
    "Function": "",
    "Geometry": "POI",
    "IPL": ""
  },
  {
    "ID": 174,
    "Location": "Marlowe Vineyards",
    "x": -1868.971,
    "y": 2095.674,
    "z": 139.115,
    "Categories": "",
    "Function": "",
    "Geometry": "POI",
    "IPL": ""
  },
  {
    "ID": 175,
    "Location": "Martin House - Natalia",
    "x": -1026.797,
    "y": 695.026,
    "z": 162,
    "Categories": "Online POI",
    "Function": "Mission",
    "Geometry": "Entrance",
    "IPL": ""
  },
  {
    "ID": 176,
    "Location": "Martin House - Natalia (Inside)",
    "x": -1030.031,
    "y": 669.581,
    "z": 157,
    "Categories": "Glitch",
    "Function": "Detailed",
    "Geometry": "Inside",
    "IPL": ""
  },
  {
    "ID": 177,
    "Location": "Maze Bank - 0 Helipad",
    "x": -74.942,
    "y": -818.635,
    "z": 327.174,
    "Categories": "POI",
    "Function": "Skydive",
    "Geometry": "Point",
    "IPL": ""
  },
  {
    "ID": 178,
    "Location": "Maze Bank - 1 In the Sky",
    "x": -74.942,
    "y": -818.635,
    "z": 2590.223,
    "Categories": "POI",
    "Function": "Skydive",
    "Geometry": "Sky",
    "IPL": ""
  },
  {
    "ID": 179,
    "Location": "Maze Bank - 2 Above Clouds",
    "x": -74.942,
    "y": -818.635,
    "z": 5841.424,
    "Categories": "POI",
    "Function": "Skydive",
    "Geometry": "Sky",
    "IPL": ""
  },
  {
    "ID": 180,
    "Location": "Maze Bank - 3 In the Atmosphere",
    "x": -74.942,
    "y": -818.635,
    "z": 10800,
    "Categories": "POI",
    "Function": "Skydive",
    "Geometry": "Sky",
    "IPL": ""
  },
  {
    "ID": 181,
    "Location": "Maze Bank (Hanging)",
    "x": -74.883,
    "y": -837.608,
    "z": 319.876,
    "Categories": "",
    "Function": "",
    "Geometry": "",
    "IPL": ""
  },
  {
    "ID": 182,
    "Location": "Maze Bank Arena Entrance",
    "x": -250.604,
    "y": -2030,
    "z": 30,
    "Categories": "POI",
    "Function": "Structure",
    "Geometry": "Entrance",
    "IPL": ""
  },
  {
    "ID": 183,
    "Location": "Maze Bank Arena Inside",
    "x": -257,
    "y": -2024,
    "z": 31,
    "Categories": "Mission",
    "Function": "",
    "Geometry": "Inside",
    "IPL": "Yes"
  },
  {
    "ID": 184,
    "Location": "Maze Bank Arena Roof",
    "x": -324.3,
    "y": -1968.545,
    "z": 67.002,
    "Categories": "",
    "Function": "",
    "Geometry": "POI",
    "IPL": ""
  },
  {
    "ID": 185,
    "Location": "Maze Bank Plaza - Water Fountain",
    "x": -104.82,
    "y": -856.374,
    "z": 41.087,
    "Categories": "POI",
    "Function": "Structure",
    "Geometry": "Point",
    "IPL": ""
  },
  {
    "ID": 186,
    "Location": "Maze Bank Plaza - Water Fountain with cube",
    "x": -131.063,
    "y": -865.81,
    "z": 29.468,
    "Categories": "POI",
    "Function": "Structure",
    "Geometry": "Point",
    "IPL": ""
  },
  {
    "ID": 187,
    "Location": "Maze Bank Roof",
    "x": -75.015,
    "y": -818.215,
    "z": 326.176,
    "Categories": "",
    "Function": "",
    "Geometry": "POI",
    "IPL": ""
  },
  {
    "ID": 188,
    "Location": "McKenzie Field Runway",
    "x": 2121.7,
    "y": 4796.3,
    "z": 41.1,
    "Categories": "Airfield",
    "Function": "Transport",
    "Geometry": "Point",
    "IPL": ""
  },
  {
    "ID": 189,
    "Location": "Mechanic, Hawick",
    "x": 546.037,
    "y": -183.368,
    "z": 54.498,
    "Categories": "POI",
    "Function": "Structure",
    "Geometry": "Point",
    "IPL": ""
  },
  {
    "ID": 190,
    "Location": "Merryweather Dock",
    "x": 486.417,
    "y": -3339.692,
    "z": 6.07,
    "Categories": "",
    "Function": "",
    "Geometry": "POI",
    "IPL": ""
  },
  {
    "ID": 191,
    "Location": "Meth Lab, Sandy Shores",
    "x": 1397.524,
    "y": 3607.423,
    "z": 39.942,
    "Categories": "Mission",
    "Function": "",
    "Geometry": "Inside",
    "IPL": ""
  },
  {
    "ID": 192,
    "Location": "Michael",
    "x": -852.4,
    "y": 160,
    "z": 65.6,
    "Categories": "Safehouse",
    "Function": "",
    "Geometry": "Entrance",
    "IPL": ""
  },
  {
    "ID": 193,
    "Location": "Michael - Amanda",
    "x": -815,
    "y": 179,
    "z": 77,
    "Categories": "Safehouse",
    "Function": "",
    "Geometry": "Inside",
    "IPL": ""
  },
  {
    "ID": 194,
    "Location": "Michael - Jimmy",
    "x": -808,
    "y": 172,
    "z": 77,
    "Categories": "Safehouse",
    "Function": "",
    "Geometry": "Inside",
    "IPL": ""
  },
  {
    "ID": 195,
    "Location": "Michael - Tracey",
    "x": -802,
    "y": 173,
    "z": 77,
    "Categories": "Safehouse",
    "Function": "",
    "Geometry": "Inside",
    "IPL": ""
  },
  {
    "ID": 196,
    "Location": "Michael (Inside)",
    "x": -813.603,
    "y": 179.474,
    "z": 73.159,
    "Categories": "Safehouse",
    "Function": "",
    "Geometry": "Inside",
    "IPL": ""
  },
  {
    "ID": 197,
    "Location": "Mile High Club",
    "x": -144.274,
    "y": -946.813,
    "z": 269.135,
    "Categories": "",
    "Function": "",
    "Geometry": "POI",
    "IPL": ""
  },
  {
    "ID": 198,
    "Location": "Military - Jet Spawn point 1",
    "x": -2019.06,
    "y": 2956.453,
    "z": 32.81,
    "Categories": "Restricted Area",
    "Function": "Transport",
    "Geometry": "Point",
    "IPL": ""
  },
  {
    "ID": 199,
    "Location": "Military - Jet Spawn point 2",
    "x": -2148.35,
    "y": 3031.762,
    "z": 32.81,
    "Categories": "Restricted Area",
    "Function": "Transport",
    "Geometry": "Point",
    "IPL": ""
  },
  {
    "ID": 200,
    "Location": "Military Base",
    "x": -2047.4,
    "y": 3132.1,
    "z": 32.8,
    "Categories": "Restricted Area",
    "Function": "",
    "Geometry": "Point",
    "IPL": ""
  },
  {
    "ID": 201,
    "Location": "Military Base",
    "x": -2012.847,
    "y": 2956.527,
    "z": 32.81,
    "Categories": "Restricted Area",
    "Function": "",
    "Geometry": "",
    "IPL": ""
  },
  {
    "ID": 202,
    "Location": "Military Base (Jet Spawn)",
    "x": -2148.351,
    "y": 3031.762,
    "z": 33.81,
    "Categories": "Restricted Area",
    "Function": "",
    "Geometry": "Point",
    "IPL": ""
  },
  {
    "ID": 203,
    "Location": "Military Base Control Tower (Inside Tower)",
    "x": -2356.094,
    "y": 3248.645,
    "z": 101.451,
    "Categories": "Restricted Area",
    "Function": "",
    "Geometry": "Inside",
    "IPL": ""
  },
  {
    "ID": 204,
    "Location": "Military Base Control Tower (Level 1)",
    "x": -2345.793,
    "y": 3267.464,
    "z": 33.811,
    "Categories": "Restricted Area",
    "Function": "",
    "Geometry": "Inside",
    "IPL": ""
  },
  {
    "ID": 205,
    "Location": "Military Base Radio Tower",
    "x": -2501.939,
    "y": 3309.898,
    "z": 92.967,
    "Categories": "Restricted Area",
    "Function": "",
    "Geometry": "Inside",
    "IPL": ""
  },
  {
    "ID": 206,
    "Location": "Mineshaft, Great Chaparral - Inside (Next Gen)",
    "x": -595,
    "y": 2087,
    "z": 132,
    "Categories": "Easter Egg",
    "Function": "",
    "Geometry": "Inside",
    "IPL": ""
  },
  {
    "ID": 207,
    "Location": "Mineshaft, Great Chaparral - Inside Inaccessible Barrier",
    "x": -420,
    "y": 2065.75,
    "z": 120,
    "Categories": "Easter Egg",
    "Function": "",
    "Geometry": "Inaccessible",
    "IPL": ""
  },
  {
    "ID": 208,
    "Location": "Mineshaft, Great Chaparral - Outside",
    "x": -598,
    "y": 2096,
    "z": 131,
    "Categories": "Easter Egg",
    "Function": "",
    "Geometry": "Entrance",
    "IPL": ""
  },
  {
    "ID": 209,
    "Location": "Mirror Park",
    "x": 1070.206,
    "y": -711.958,
    "z": 58.483,
    "Categories": "",
    "Function": "",
    "Geometry": "POI",
    "IPL": ""
  },
  {
    "ID": 210,
    "Location": "Mors Mutual Impound",
    "x": -222.198,
    "y": -1185.85,
    "z": 23.029,
    "Categories": "Online POI",
    "Function": "Transport",
    "Geometry": "Point",
    "IPL": ""
  },
  {
    "ID": 211,
    "Location": "Most Northerly Point",
    "x": 24.775,
    "y": 7644.102,
    "z": 19.055,
    "Categories": "",
    "Function": "",
    "Geometry": "POI",
    "IPL": ""
  },
  {
    "ID": 212,
    "Location": "Mount Gordo",
    "x": 2877.633,
    "y": 5911.078,
    "z": 369.624,
    "Categories": "",
    "Function": "",
    "Geometry": "POI",
    "IPL": ""
  },
  {
    "ID": 213,
    "Location": "Mountain Creek (Parking)",
    "x": 2559.264,
    "y": 6184.152,
    "z": 162.781,
    "Categories": "",
    "Function": "",
    "Geometry": "",
    "IPL": ""
  },
  {
    "ID": 214,
    "Location": "Mountain Creek (Swimming)",
    "x": 2570.947,
    "y": 6160.367,
    "z": 159.812,
    "Categories": "",
    "Function": "",
    "Geometry": "",
    "IPL": ""
  },
  {
    "ID": 215,
    "Location": "Mountain Creek (Swimming)",
    "x": 2556.273,
    "y": 6177.162,
    "z": 162.752,
    "Categories": "",
    "Function": "",
    "Geometry": "",
    "IPL": ""
  },
  {
    "ID": 216,
    "Location": "Mt. Chiliad",
    "x": 495,
    "y": 5586,
    "z": 794,
    "Categories": "POI",
    "Function": "Sight",
    "Geometry": "Point",
    "IPL": ""
  },
  {
    "ID": 217,
    "Location": "Mt. Chiliad - Jump",
    "x": 430.204,
    "y": 5614.734,
    "z": 766.168,
    "Categories": "POI",
    "Function": "Skydive",
    "Geometry": "Point",
    "IPL": ""
  },
  {
    "ID": 218,
    "Location": "Mt. Chiliad - Ontop of House",
    "x": 449.349,
    "y": 5568.538,
    "z": 796.131,
    "Categories": "",
    "Function": "",
    "Geometry": "",
    "IPL": ""
  },
  {
    "ID": 219,
    "Location": "Mt. Chiliad - Ramp",
    "x": 425.4,
    "y": 5614.3,
    "z": 766.5,
    "Categories": "POI",
    "Function": "Sight",
    "Geometry": "Point",
    "IPL": ""
  },
  {
    "ID": 220,
    "Location": "Mt. Chiliad - Structure Skyline (Auto Parachute recieve)",
    "x": 446.54,
    "y": 5571.625,
    "z": 781.19,
    "Categories": "Collectible",
    "Function": "Parachute Bag",
    "Geometry": "Point",
    "IPL": ""
  },
  {
    "ID": 221,
    "Location": "Mt. Chiliad - View (City)",
    "x": 489.317,
    "y": 5580.887,
    "z": 792.852,
    "Categories": "POI",
    "Function": "Sight",
    "Geometry": "Point",
    "IPL": ""
  },
  {
    "ID": 222,
    "Location": "Mt. Chiliad - View (Scenic)",
    "x": 413.471,
    "y": 5572.821,
    "z": 779.682,
    "Categories": "POI",
    "Function": "Sight",
    "Geometry": "Point",
    "IPL": ""
  },
  {
    "ID": 223,
    "Location": "Mt. Chiliad Near - Above Cloud",
    "x": -149.345,
    "y": 7130.246,
    "z": 700.117,
    "Categories": "POI",
    "Function": "Skydive",
    "Geometry": "Point",
    "IPL": ""
  },
  {
    "ID": 224,
    "Location": "Mt. Gordo",
    "x": 2876.984,
    "y": 5911.455,
    "z": 370,
    "Categories": "POI",
    "Function": "Sight",
    "Geometry": "Point",
    "IPL": ""
  },
  {
    "ID": 225,
    "Location": "Mt. Gordo",
    "x": 2948.448,
    "y": 5323.812,
    "z": 101.187,
    "Categories": "",
    "Function": "",
    "Geometry": "",
    "IPL": ""
  },
  {
    "ID": 226,
    "Location": "Mt. Gordo - The Ghost of",
    "x": 3056.725,
    "y": 5622.643,
    "z": 205.241,
    "Categories": "",
    "Function": "",
    "Geometry": "",
    "IPL": ""
  },
  {
    "ID": 227,
    "Location": "Mt. Josiah",
    "x": -1186.107,
    "y": 3849.753,
    "z": 489.064,
    "Categories": "POI",
    "Function": "Sight",
    "Geometry": "Point",
    "IPL": ""
  },
  {
    "ID": 228,
    "Location": "Mt. Josiah",
    "x": -1212.987,
    "y": 3848.685,
    "z": 491,
    "Categories": "POI",
    "Function": "Sight",
    "Geometry": "Point",
    "IPL": ""
  },
  {
    "ID": 229,
    "Location": "NOOSE Headquarters",
    "x": 2535.243,
    "y": -383.799,
    "z": 92.993,
    "Categories": "",
    "Function": "",
    "Geometry": "POI",
    "IPL": ""
  },
  {
    "ID": 230,
    "Location": "North Yankton",
    "x": 3217.697,
    "y": -4834.826,
    "z": 112.815,
    "Categories": "Mission",
    "Function": "",
    "Geometry": "Point",
    "IPL": "Yes"
  },
  {
    "ID": 231,
    "Location": "North Yankton - Alien",
    "x": 3862.411,
    "y": -4959.25,
    "z": 93,
    "Categories": "Easter Egg",
    "Function": "",
    "Geometry": "Point",
    "IPL": "Yes"
  },
  {
    "ID": 232,
    "Location": "North Yankton - Bob Security (Outside)",
    "x": 5328.252,
    "y": -5188.765,
    "z": 83,
    "Categories": "Mission",
    "Function": "",
    "Geometry": "Point",
    "IPL": "Yes"
  },
  {
    "ID": 233,
    "Location": "North Yankton - Bob Security (Reception)",
    "x": 5310,
    "y": -5211,
    "z": 84,
    "Categories": "Mission",
    "Function": "",
    "Geometry": "Inside",
    "IPL": "Yes"
  },
  {
    "ID": 234,
    "Location": "North Yankton - Bob Security (Vault)",
    "x": 5299,
    "y": -5189,
    "z": 84,
    "Categories": "Mission",
    "Function": "",
    "Geometry": "Inside",
    "IPL": "Yes"
  },
  {
    "ID": 235,
    "Location": "North Yankton - Christmas Tree",
    "x": 3557.311,
    "y": -4675.463,
    "z": 115,
    "Categories": "Mission",
    "Function": "",
    "Geometry": "Point",
    "IPL": "Yes"
  },
  {
    "ID": 236,
    "Location": "North Yankton - End of the road wall",
    "x": 2574.183,
    "y": -4779.955,
    "z": 112,
    "Categories": "Mission",
    "Function": "",
    "Geometry": "Point",
    "IPL": "Yes"
  },
  {
    "ID": 237,
    "Location": "North Yankton - Townley Grave",
    "x": 3259.813,
    "y": -4571.105,
    "z": 119,
    "Categories": "Mission",
    "Function": "",
    "Geometry": "Point",
    "IPL": "Yes"
  },
  {
    "ID": 238,
    "Location": "North Yankton Bank",
    "x": 5309.519,
    "y": -5212.375,
    "z": 83.522,
    "Categories": "",
    "Function": "",
    "Geometry": "Inside",
    "IPL": "Yes"
  },
  {
    "ID": 239,
    "Location": "O'Neil Ranch",
    "x": 2443.667,
    "y": 4974.612,
    "z": 47.5,
    "Categories": "Mission",
    "Function": "",
    "Geometry": "Inside",
    "IPL": ""
  },
  {
    "ID": 240,
    "Location": "O'neil Ranch",
    "x": 2441.216,
    "y": 4968.585,
    "z": 51.707,
    "Categories": "",
    "Function": "",
    "Geometry": "Inside",
    "IPL": "Yes"
  },
  {
    "ID": 241,
    "Location": "Online Loading Screen Carpark",
    "x": 405.936,
    "y": -954.091,
    "z": -98.004,
    "Categories": "Glitch",
    "Function": "Detailed",
    "Geometry": "Inside",
    "IPL": ""
  },
  {
    "ID": 242,
    "Location": "Oriental Theater",
    "x": 293.089,
    "y": 180.466,
    "z": 104.301,
    "Categories": "",
    "Function": "",
    "Geometry": "POI",
    "IPL": ""
  },
  {
    "ID": 243,
    "Location": "Pacific Bluffs Country Club",
    "x": -3022.222,
    "y": 39.968,
    "z": 13.611,
    "Categories": "",
    "Function": "",
    "Geometry": "POI",
    "IPL": ""
  },
  {
    "ID": 244,
    "Location": "Pacific Standard Bank",
    "x": 235.046,
    "y": 216.434,
    "z": 106.287,
    "Categories": "",
    "Function": "",
    "Geometry": "Inside",
    "IPL": ""
  },
  {
    "ID": 245,
    "Location": "Pacific Standard Bank - Vault",
    "x": 255.582,
    "y": 217.69,
    "z": 102.683,
    "Categories": "Mission",
    "Function": "",
    "Geometry": "Inside",
    "IPL": ""
  },
  {
    "ID": 246,
    "Location": "Pacific Standard Bank Vault",
    "x": 255.851,
    "y": 217.03,
    "z": 101.683,
    "Categories": "",
    "Function": "",
    "Geometry": "Inside",
    "IPL": ""
  },
  {
    "ID": 247,
    "Location": "Paleto Bay - Bank",
    "x": -104.207,
    "y": 6469.265,
    "z": 32.627,
    "Categories": "Mission",
    "Function": "",
    "Geometry": "Inside",
    "IPL": ""
  },
  {
    "ID": 248,
    "Location": "Paleto Bay - Factory Lookout",
    "x": -179.984,
    "y": 6150.478,
    "z": 42.637,
    "Categories": "POI",
    "Function": "Vantage Point",
    "Geometry": "Inside",
    "IPL": ""
  },
  {
    "ID": 249,
    "Location": "Paleto Bay Beach",
    "x": 178.33,
    "y": 7041.822,
    "z": 1.867,
    "Categories": "POI",
    "Function": "Sight",
    "Geometry": "Point",
    "IPL": ""
  },
  {
    "ID": 250,
    "Location": "Paleto Bay Beach - Island (Farthest)",
    "x": 17.832,
    "y": 7630.014,
    "z": 13.507,
    "Categories": "POI",
    "Function": "Sight",
    "Geometry": "Point",
    "IPL": ""
  },
  {
    "ID": 251,
    "Location": "Paleto Bay Beach - Island with flowers",
    "x": -125.654,
    "y": 7271.894,
    "z": 16.737,
    "Categories": "POI",
    "Function": "Sight",
    "Geometry": "Point",
    "IPL": ""
  },
  {
    "ID": 252,
    "Location": "Paleto Bay Beach - Underwater",
    "x": 106.697,
    "y": 7282.055,
    "z": 1.882,
    "Categories": "POI",
    "Function": "Sight",
    "Geometry": "Underwater",
    "IPL": ""
  },
  {
    "ID": 253,
    "Location": "Paleto Bay Beach - Underwater ocean",
    "x": 103.472,
    "y": 7744.187,
    "z": -158.111,
    "Categories": "Ocean",
    "Function": "",
    "Geometry": "Underwater",
    "IPL": ""
  },
  {
    "ID": 254,
    "Location": "Paleto Bay Pier",
    "x": -275.522,
    "y": 6635.835,
    "z": 7.425,
    "Categories": "",
    "Function": "",
    "Geometry": "POI",
    "IPL": ""
  },
  {
    "ID": 255,
    "Location": "Paleto Cove",
    "x": -1441.634,
    "y": 5410.919,
    "z": 24.579,
    "Categories": "",
    "Function": "",
    "Geometry": "",
    "IPL": ""
  },
  {
    "ID": 256,
    "Location": "Paleto Forest Sawmill Chimney",
    "x": -549.467,
    "y": 5308.221,
    "z": 114.146,
    "Categories": "",
    "Function": "",
    "Geometry": "POI",
    "IPL": ""
  },
  {
    "ID": 257,
    "Location": "PaletoBay Shed",
    "x": -179,
    "y": 6150,
    "z": 42,
    "Categories": "",
    "Function": "",
    "Geometry": "",
    "IPL": ""
  },
  {
    "ID": 258,
    "Location": "Palmer-Taylor Power Station Chimney",
    "x": 2732.931,
    "y": 1577.54,
    "z": 83.671,
    "Categories": "",
    "Function": "",
    "Geometry": "POI",
    "IPL": ""
  },
  {
    "ID": 259,
    "Location": "Parachuting",
    "x": 496.233,
    "y": 5527.27,
    "z": 778.473,
    "Categories": "Online Mission",
    "Function": "Mission",
    "Geometry": "Point",
    "IPL": ""
  },
  {
    "ID": 260,
    "Location": "Pegasus Aircraft, LSIA (North)",
    "x": -1098.49,
    "y": -2415.405,
    "z": 14,
    "Categories": "Online POI",
    "Function": "Transport",
    "Geometry": "Entrance",
    "IPL": ""
  },
  {
    "ID": 261,
    "Location": "Pegasus Helipad, CLS Medical Center",
    "x": 307.5,
    "y": -1458.93,
    "z": 46.51,
    "Categories": "Online POI",
    "Function": "Transport",
    "Geometry": "Entrance",
    "IPL": ""
  },
  {
    "ID": 262,
    "Location": "Pegasus Helipad, Naval Port",
    "x": 480.317,
    "y": -3388.903,
    "z": 7,
    "Categories": "Online POI",
    "Function": "Transport",
    "Geometry": "Entrance",
    "IPL": ""
  },
  {
    "ID": 263,
    "Location": "Pegasus Helipad, Paleto Bay Sheriff's Office",
    "x": -466.686,
    "y": 6013.817,
    "z": 32,
    "Categories": "Online POI",
    "Function": "Transport",
    "Geometry": "Entrance",
    "IPL": ""
  },
  {
    "ID": 264,
    "Location": "Pegasus Helipad, Vespucci",
    "x": -736.75,
    "y": -1437.75,
    "z": 5,
    "Categories": "Online POI",
    "Function": "Transport",
    "Geometry": "Entrance",
    "IPL": ""
  },
  {
    "ID": 265,
    "Location": "Pegasus Land, Vespucci Beach",
    "x": -1570,
    "y": -1142,
    "z": 3,
    "Categories": "Online POI",
    "Function": "Transport",
    "Geometry": "Entrance",
    "IPL": ""
  },
  {
    "ID": 266,
    "Location": "Pegasus Land, Vinewood Theater",
    "x": 319.788,
    "y": 172.231,
    "z": 104.744,
    "Categories": "Online POI",
    "Function": "Transport",
    "Geometry": "Entrance",
    "IPL": ""
  },
  {
    "ID": 267,
    "Location": "Pegasus, LSIA (Pegasus Consierge)",
    "x": -1630,
    "y": -3400,
    "z": 14,
    "Categories": "Online POI",
    "Function": "Transport",
    "Geometry": "Entrance",
    "IPL": ""
  },
  {
    "ID": 268,
    "Location": "Pegasus, McKenzie Field Runway",
    "x": 2121.7,
    "y": 4796.3,
    "z": 41.1,
    "Categories": "Online POI",
    "Function": "Transport",
    "Geometry": "Entrance",
    "IPL": ""
  },
  {
    "ID": 269,
    "Location": "Pegasus, Sandy Shores Airfield",
    "x": 1747,
    "y": 3273.7,
    "z": 41.1,
    "Categories": "Online POI",
    "Function": "Transport",
    "Geometry": "Entrance",
    "IPL": ""
  },
  {
    "ID": 270,
    "Location": "Pegasus, Vinewood Racetrack",
    "x": 1129,
    "y": 51,
    "z": 81,
    "Categories": "Online POI",
    "Function": "Transport",
    "Geometry": "Entrance",
    "IPL": ""
  },
  {
    "ID": 271,
    "Location": "Play Boy Mansion",
    "x": -1475.234,
    "y": 167.088,
    "z": 55.841,
    "Categories": "",
    "Function": "",
    "Geometry": "POI",
    "IPL": ""
  },
  {
    "ID": 272,
    "Location": "Playboy Mansion, Richman",
    "x": -1464,
    "y": 182,
    "z": 55,
    "Categories": "POI",
    "Function": "Sight",
    "Geometry": "Point",
    "IPL": ""
  },
  {
    "ID": 273,
    "Location": "Police Station",
    "x": 436.491,
    "y": -982.172,
    "z": 30.699,
    "Categories": "",
    "Function": "",
    "Geometry": "Inside",
    "IPL": ""
  },
  {
    "ID": 274,
    "Location": "Police Station, Mission Row",
    "x": 441.209,
    "y": -983.114,
    "z": 31.69,
    "Categories": "Mission",
    "Function": "Interior",
    "Geometry": "Inside",
    "IPL": ""
  },
  {
    "ID": 275,
    "Location": "Police, Rancho - Helipad",
    "x": 369.43,
    "y": -1601.83,
    "z": 36.95,
    "Categories": "Helipad",
    "Function": "",
    "Geometry": "Point",
    "IPL": ""
  },
  {
    "ID": 276,
    "Location": "Police, Rancho - Parking Roof",
    "x": 334.21,
    "y": -1644.77,
    "z": 98.496,
    "Categories": "POI",
    "Function": "Structure",
    "Geometry": "Point",
    "IPL": ""
  },
  {
    "ID": 277,
    "Location": "Ponsonbys Clothing, Burton",
    "x": -159.3,
    "y": -304.329,
    "z": 39.733,
    "Categories": "Shop",
    "Function": "",
    "Geometry": "Inside",
    "IPL": ""
  },
  {
    "ID": 278,
    "Location": "Pool",
    "x": -17.192,
    "y": 340.436,
    "z": 111.341,
    "Categories": "",
    "Function": "",
    "Geometry": "",
    "IPL": ""
  },
  {
    "ID": 279,
    "Location": "Pretty Hill",
    "x": -2130.45,
    "y": -101.44,
    "z": 46.587,
    "Categories": "",
    "Function": "",
    "Geometry": "",
    "IPL": ""
  },
  {
    "ID": 280,
    "Location": "Prison",
    "x": 1679.049,
    "y": 2513.711,
    "z": 45.565,
    "Categories": "",
    "Function": "",
    "Geometry": "",
    "IPL": ""
  },
  {
    "ID": 281,
    "Location": "Prison Guard Tower (North)",
    "x": 1690,
    "y": 2653,
    "z": 58,
    "Categories": "Restricted Area",
    "Function": "",
    "Geometry": "Inaccessible",
    "IPL": ""
  },
  {
    "ID": 282,
    "Location": "Prison Guard Tower (South)",
    "x": 1690,
    "y": 2536,
    "z": 58,
    "Categories": "Restricted Area",
    "Function": "",
    "Geometry": "Inaccessible",
    "IPL": ""
  },
  {
    "ID": 283,
    "Location": "Prison Gym",
    "x": 1640.791,
    "y": 2530.044,
    "z": 45.565,
    "Categories": "",
    "Function": "",
    "Geometry": "",
    "IPL": ""
  },
  {
    "ID": 284,
    "Location": "Prison Tower",
    "x": 1541.629,
    "y": 2470.14,
    "z": 62.875,
    "Categories": "",
    "Function": "",
    "Geometry": "",
    "IPL": ""
  },
  {
    "ID": 285,
    "Location": "Private Garage",
    "x": 3601.383,
    "y": 3668.793,
    "z": 33.872,
    "Categories": "",
    "Function": "",
    "Geometry": "",
    "IPL": ""
  },
  {
    "ID": 286,
    "Location": "Pumpkin Patch",
    "x": 3285.229,
    "y": 5183.538,
    "z": 18.415,
    "Categories": "",
    "Function": "",
    "Geometry": "",
    "IPL": ""
  },
  {
    "ID": 287,
    "Location": "Quarry",
    "x": 2954.196,
    "y": 2783.41,
    "z": 41.004,
    "Categories": "",
    "Function": "",
    "Geometry": "POI",
    "IPL": ""
  },
  {
    "ID": 288,
    "Location": "Race",
    "x": -95.247,
    "y": 4250.547,
    "z": 31.363,
    "Categories": "Online Mission",
    "Function": "Mission",
    "Geometry": "Point",
    "IPL": ""
  },
  {
    "ID": 289,
    "Location": "Raton Canyon - A Waterfall",
    "x": -540.482,
    "y": 4402.359,
    "z": 35.379,
    "Categories": "POI",
    "Function": "Sight",
    "Geometry": "Point",
    "IPL": ""
  },
  {
    "ID": 290,
    "Location": "Raton Canyon - Calafia Bridge",
    "x": -175.219,
    "y": 4244.194,
    "z": 44.073,
    "Categories": "POI",
    "Function": "Structure",
    "Geometry": "Point",
    "IPL": ""
  },
  {
    "ID": 291,
    "Location": "Raton Canyon - Creek swimming (Next to waterfall)",
    "x": -589.532,
    "y": 4395.39,
    "z": 18.148,
    "Categories": "POI",
    "Function": "Sight",
    "Geometry": "Point",
    "IPL": ""
  },
  {
    "ID": 292,
    "Location": "Raton Canyon - Private Hangout (Creek)",
    "x": -463.662,
    "y": 4483.654,
    "z": 36.037,
    "Categories": "POI",
    "Function": "Sight",
    "Geometry": "Point",
    "IPL": ""
  },
  {
    "ID": 293,
    "Location": "Raton Canyon - Private Hangout 2",
    "x": -597.953,
    "y": 4475.291,
    "z": 25.689,
    "Categories": "POI",
    "Function": "Sight",
    "Geometry": "Point",
    "IPL": ""
  },
  {
    "ID": 294,
    "Location": "Raton Canyon Train Tracks Bridge",
    "x": -530.675,
    "y": 4534.996,
    "z": 89.046,
    "Categories": "POI",
    "Function": "Sight",
    "Geometry": "Point",
    "IPL": ""
  },
  {
    "ID": 295,
    "Location": "Rebel Radio",
    "x": 736.153,
    "y": 2583.143,
    "z": 79.634,
    "Categories": "",
    "Function": "",
    "Geometry": "POI",
    "IPL": ""
  },
  {
    "ID": 296,
    "Location": "Richards Majestic, Apt. 4",
    "x": -906,
    "y": -375,
    "z": 85,
    "Categories": "Online Safehouse",
    "Function": "",
    "Geometry": "Inside",
    "IPL": ""
  },
  {
    "ID": 297,
    "Location": "Richards Majestic, Apt. 51",
    "x": -922,
    "y": -375,
    "z": 109,
    "Categories": "Online Safehouse",
    "Function": "",
    "Geometry": "Inside",
    "IPL": ""
  },
  {
    "ID": 298,
    "Location": "Rocket",
    "x": 1608.698,
    "y": 6438.096,
    "z": 37.637,
    "Categories": "",
    "Function": "",
    "Geometry": "POI",
    "IPL": ""
  },
  {
    "ID": 299,
    "Location": "Rockford Hill City Wall (Glitch)",
    "x": -254.943,
    "y": -147.353,
    "z": 42.731,
    "Categories": "Glitch",
    "Function": "Void",
    "Geometry": "Inaccessible",
    "IPL": ""
  },
  {
    "ID": 300,
    "Location": "Rockford Hills City Hall, Snipering Spot",
    "x": -551,
    "y": -194,
    "z": 77,
    "Categories": "POI",
    "Function": "Vantage Point",
    "Geometry": "Inside",
    "IPL": ""
  },
  {
    "ID": 301,
    "Location": "Roof (Scenic View)",
    "x": -118.822,
    "y": -195.471,
    "z": 94.85,
    "Categories": "",
    "Function": "",
    "Geometry": "",
    "IPL": ""
  },
  {
    "ID": 302,
    "Location": "rooftop brawl",
    "x": -149.763,
    "y": -943.424,
    "z": 254.049,
    "Categories": "",
    "Function": "",
    "Geometry": "",
    "IPL": ""
  },
  {
    "ID": 303,
    "Location": "Rooftop Rumble Drop off",
    "x": -1025.44,
    "y": 697.55,
    "z": 161.7,
    "Categories": "Online Mission",
    "Function": "Shortcut",
    "Geometry": "Point",
    "IPL": ""
  },
  {
    "ID": 304,
    "Location": "Sandy Shores Airfield",
    "x": 1747,
    "y": 3273.7,
    "z": 41.1,
    "Categories": "Airfield",
    "Function": "Transport",
    "Geometry": "Point",
    "IPL": ""
  },
  {
    "ID": 305,
    "Location": "Sandy Shores Building Site Crane",
    "x": 1051.209,
    "y": 2280.452,
    "z": 89.727,
    "Categories": "",
    "Function": "",
    "Geometry": "POI",
    "IPL": ""
  },
  {
    "ID": 306,
    "Location": "Satellite Dish Antenna",
    "x": 2034.988,
    "y": 2953.105,
    "z": 74.602,
    "Categories": "",
    "Function": "",
    "Geometry": "POI",
    "IPL": ""
  },
  {
    "ID": 307,
    "Location": "Satellite Dishes",
    "x": 2062.123,
    "y": 2942.055,
    "z": 47.431,
    "Categories": "",
    "Function": "",
    "Geometry": "POI",
    "IPL": ""
  },
  {
    "ID": 308,
    "Location": "Sisyphus Theater Stage",
    "x": 205.316,
    "y": 1167.378,
    "z": 227.005,
    "Categories": "",
    "Function": "",
    "Geometry": "POI",
    "IPL": ""
  },
  {
    "ID": 309,
    "Location": "Sky",
    "x": -129.964,
    "y": 8130.873,
    "z": 6705.651,
    "Categories": "POI",
    "Function": "Skydive",
    "Geometry": "Sky",
    "IPL": ""
  },
  {
    "ID": 310,
    "Location": "Slaughterhouse",
    "x": -80.557,
    "y": 6220.006,
    "z": 31.09,
    "Categories": "",
    "Function": "",
    "Geometry": "Inside",
    "IPL": "Yes"
  },
  {
    "ID": 311,
    "Location": "Snowman",
    "x": 971.245,
    "y": -1620.993,
    "z": 30.111,
    "Categories": "",
    "Function": "",
    "Geometry": "POI",
    "IPL": ""
  },
  {
    "ID": 312,
    "Location": "Solomon's Office",
    "x": -1006,
    "y": -476.5,
    "z": 50,
    "Categories": "Mission",
    "Function": "",
    "Geometry": "Inside",
    "IPL": ""
  },
  {
    "ID": 313,
    "Location": "Stab City",
    "x": 126.975,
    "y": 3714.419,
    "z": 46.827,
    "Categories": "",
    "Function": "",
    "Geometry": "POI",
    "IPL": ""
  },
  {
    "ID": 314,
    "Location": "Stand - Cherry Popper",
    "x": -1645.55,
    "y": -1102.37,
    "z": 13.452,
    "Categories": "Glitch",
    "Function": "Fun",
    "Geometry": "Inaccessible",
    "IPL": ""
  },
  {
    "ID": 315,
    "Location": "Stand - Cherry Popper 2",
    "x": -1685.98,
    "y": -1104.14,
    "z": 13.152,
    "Categories": "Glitch",
    "Function": "Fun",
    "Geometry": "Inaccessible",
    "IPL": ""
  },
  {
    "ID": 316,
    "Location": "Stand - Gifts",
    "x": -1636.92,
    "y": -1092.09,
    "z": 13.577,
    "Categories": "Glitch",
    "Function": "Fun",
    "Geometry": "Inaccessible",
    "IPL": ""
  },
  {
    "ID": 317,
    "Location": "Stand - Gifts 2",
    "x": -1678.2,
    "y": -1110.54,
    "z": 13.152,
    "Categories": "Glitch",
    "Function": "Fun",
    "Geometry": "Inaccessible",
    "IPL": ""
  },
  {
    "ID": 318,
    "Location": "Stand - MogShots 2",
    "x": -1682.16,
    "y": -1107.26,
    "z": 13.152,
    "Categories": "Glitch",
    "Function": "Fun",
    "Geometry": "Inaccessible",
    "IPL": ""
  },
  {
    "ID": 319,
    "Location": "Stand - MogShots Stand",
    "x": -1641.55,
    "y": -1097.63,
    "z": 13.45,
    "Categories": "Glitch",
    "Function": "Fun",
    "Geometry": "Inaccessible",
    "IPL": ""
  },
  {
    "ID": 320,
    "Location": "Street for Racing/running at TOP SPEED",
    "x": 643.324,
    "y": -387.079,
    "z": 42.686,
    "Categories": "",
    "Function": "",
    "Geometry": "",
    "IPL": ""
  },
  {
    "ID": 321,
    "Location": "Strip Club DJ Booth",
    "x": 126.135,
    "y": -1278.583,
    "z": 29.27,
    "Categories": "",
    "Function": "",
    "Geometry": "Inaccessible",
    "IPL": ""
  },
  {
    "ID": 322,
    "Location": "Submarine Location?",
    "x": -1606.2,
    "y": 5266.97,
    "z": -1.473,
    "Categories": "",
    "Function": "",
    "Geometry": "",
    "IPL": ""
  },
  {
    "ID": 323,
    "Location": "Sunken Body",
    "x": -3161.078,
    "y": 3001.998,
    "z": -37.974,
    "Categories": "Easter Egg",
    "Function": "",
    "Geometry": "Underwater",
    "IPL": ""
  },
  {
    "ID": 324,
    "Location": "Sunken Cargo Ship",
    "x": 3199.748,
    "y": -379.018,
    "z": -22.5,
    "Categories": "Easter Egg",
    "Function": "",
    "Geometry": "Underwater",
    "IPL": ""
  },
  {
    "ID": 325,
    "Location": "Sunken Plane",
    "x": -942.35,
    "y": 6608.752,
    "z": -20.912,
    "Categories": "Easter Egg",
    "Function": "",
    "Geometry": "Underwater",
    "IPL": ""
  },
  {
    "ID": 326,
    "Location": "Tattoo Parlor",
    "x": 319.788,
    "y": 172.231,
    "z": 104.744,
    "Categories": "Shop",
    "Function": "",
    "Geometry": "Entrance",
    "IPL": ""
  },
  {
    "ID": 327,
    "Location": "Team Deathmatch",
    "x": 361.75,
    "y": -1957.43,
    "z": 24.645,
    "Categories": "Online Mission",
    "Function": "Mission",
    "Geometry": "Point",
    "IPL": ""
  },
  {
    "ID": 328,
    "Location": "The Oriental TS (L)",
    "x": 282.216,
    "y": 199.802,
    "z": 104.374,
    "Categories": "Glitch",
    "Function": "Stand",
    "Geometry": "Inaccessible",
    "IPL": ""
  },
  {
    "ID": 329,
    "Location": "The Oriental TS (R)",
    "x": 314.134,
    "y": 188.354,
    "z": 103.928,
    "Categories": "Glitch",
    "Function": "Stand",
    "Geometry": "Inaccessible",
    "IPL": ""
  },
  {
    "ID": 330,
    "Location": "The Richman Hotel",
    "x": -1330.911,
    "y": 340.871,
    "z": 64.078,
    "Categories": "",
    "Function": "",
    "Geometry": "POI",
    "IPL": ""
  },
  {
    "ID": 331,
    "Location": "Theatre Balcony",
    "x": 335.464,
    "y": 170.868,
    "z": 111.497,
    "Categories": "",
    "Function": "",
    "Geometry": "",
    "IPL": ""
  },
  {
    "ID": 332,
    "Location": "Tongva Hills, Under Roof",
    "x": -1883.74,
    "y": 2062.859,
    "z": 151,
    "Categories": "Glitch",
    "Function": "Void",
    "Geometry": "Inaccessible",
    "IPL": ""
  },
  {
    "ID": 333,
    "Location": "Tongva Valley",
    "x": -1523.19,
    "y": 1494.362,
    "z": 111.587,
    "Categories": "",
    "Function": "",
    "Geometry": "",
    "IPL": ""
  },
  {
    "ID": 334,
    "Location": "Top of the Mt Chilad",
    "x": 450.718,
    "y": 5566.614,
    "z": 806.183,
    "Categories": "",
    "Function": "",
    "Geometry": "POI",
    "IPL": ""
  },
  {
    "ID": 335,
    "Location": "Torture Room",
    "x": 147.17,
    "y": -2201.804,
    "z": 4.688,
    "Categories": "",
    "Function": "",
    "Geometry": "Inside",
    "IPL": ""
  },
  {
    "ID": 336,
    "Location": "Track",
    "x": 1226.75,
    "y": 125.5,
    "z": 81.839,
    "Categories": "",
    "Function": "",
    "Geometry": "",
    "IPL": ""
  },
  {
    "ID": 337,
    "Location": "Trapped in box lol",
    "x": -655.676,
    "y": -160.856,
    "z": 42.148,
    "Categories": "",
    "Function": "",
    "Geometry": "",
    "IPL": ""
  },
  {
    "ID": 338,
    "Location": "Trapped in steel",
    "x": 149.436,
    "y": -769.721,
    "z": 262.863,
    "Categories": "",
    "Function": "",
    "Geometry": "",
    "IPL": ""
  },
  {
    "ID": 339,
    "Location": "Trevor - Floyd's Apartment",
    "x": -1159.034,
    "y": -1521.18,
    "z": 10.633,
    "Categories": "Safehouse",
    "Function": "",
    "Geometry": "Inside",
    "IPL": ""
  },
  {
    "ID": 340,
    "Location": "Trevor - Trailer",
    "x": 1985.7,
    "y": 3812.2,
    "z": 32.2,
    "Categories": "Safehouse",
    "Function": "",
    "Geometry": "Entrance",
    "IPL": ""
  },
  {
    "ID": 341,
    "Location": "Trevor - Trailer (Inside)",
    "x": 1976,
    "y": 3821,
    "z": 34,
    "Categories": "Safehouse",
    "Function": "",
    "Geometry": "Inside",
    "IPL": ""
  },
  {
    "ID": 342,
    "Location": "Trevor - Vanilla Unicorn",
    "x": 97.271,
    "y": -1290.994,
    "z": 30.269,
    "Categories": "Safehouse",
    "Function": "",
    "Geometry": "Inside",
    "IPL": ""
  },
  {
    "ID": 343,
    "Location": "Trevor's Air Field",
    "x": 1741.496,
    "y": 3269.257,
    "z": 41.601,
    "Categories": "",
    "Function": "",
    "Geometry": "",
    "IPL": ""
  },
  {
    "ID": 344,
    "Location": "Trevor's House",
    "x": 1974.758,
    "y": 3819.457,
    "z": 33.436,
    "Categories": "",
    "Function": "",
    "Geometry": "",
    "IPL": ""
  },
  {
    "ID": 345,
    "Location": "Trevor's Meth Lab",
    "x": 1391.773,
    "y": 3608.716,
    "z": 38.942,
    "Categories": "",
    "Function": "",
    "Geometry": "Inside",
    "IPL": ""
  },
  {
    "ID": 346,
    "Location": "Under Parking Garage (Glitch)",
    "x": -359.496,
    "y": -781.335,
    "z": 31.785,
    "Categories": "",
    "Function": "",
    "Geometry": "",
    "IPL": ""
  },
  {
    "ID": 347,
    "Location": "Under the bridge, Lester Factory",
    "x": 721.66,
    "y": -1000.65,
    "z": 23.546,
    "Categories": "Glitch",
    "Function": "Void",
    "Geometry": "Inaccessible",
    "IPL": ""
  },
  {
    "ID": 348,
    "Location": "Underground - Tunnel Construction",
    "x": 16.969,
    "y": -646.18,
    "z": 16.088,
    "Categories": "POI",
    "Function": "Structure",
    "Geometry": "Point",
    "IPL": ""
  },
  {
    "ID": 349,
    "Location": "Underground - Tunnel Entrance (Drain)",
    "x": 1033.729,
    "y": -270.564,
    "z": 50.855,
    "Categories": "POI",
    "Function": "Structure",
    "Geometry": "Entrance",
    "IPL": ""
  },
  {
    "ID": 350,
    "Location": "Underground - Tunnel Loop",
    "x": -4.579,
    "y": -742.428,
    "z": 16.503,
    "Categories": "POI",
    "Function": "Structure",
    "Geometry": "Point",
    "IPL": ""
  },
  {
    "ID": 351,
    "Location": "Underground Construction Site",
    "x": 36.764,
    "y": -639.784,
    "z": 16.083,
    "Categories": "",
    "Function": "",
    "Geometry": "",
    "IPL": ""
  },
  {
    "ID": 352,
    "Location": "UnderGround Construction working (test)",
    "x": -16.272,
    "y": -593.17,
    "z": 17.92,
    "Categories": "",
    "Function": "",
    "Geometry": "",
    "IPL": ""
  },
  {
    "ID": 353,
    "Location": "Underneath Map swim",
    "x": -1157.418,
    "y": -2035.033,
    "z": 0.125,
    "Categories": "",
    "Function": "",
    "Geometry": "",
    "IPL": ""
  },
  {
    "ID": 354,
    "Location": "Underpass Skatepark",
    "x": 718.341,
    "y": -1218.714,
    "z": 26.014,
    "Categories": "",
    "Function": "",
    "Geometry": "POI",
    "IPL": ""
  },
  {
    "ID": 355,
    "Location": "Underwater Hangout 3",
    "x": 4416.105,
    "y": 3455.134,
    "z": -143.524,
    "Categories": "",
    "Function": "",
    "Geometry": "",
    "IPL": ""
  },
  {
    "ID": 356,
    "Location": "Underwater Hatch",
    "x": 4273.95,
    "y": 2975.714,
    "z": -170.746,
    "Categories": "Easter Egg",
    "Function": "",
    "Geometry": "Underwater",
    "IPL": ""
  },
  {
    "ID": 357,
    "Location": "Underwater Hatch from Lost Series",
    "x": 4287,
    "y": 2967,
    "z": -176,
    "Categories": "Easter Egg",
    "Function": "",
    "Geometry": "Underwater",
    "IPL": ""
  },
  {
    "ID": 358,
    "Location": "Underwater Hatch with Light",
    "x": -1254.831,
    "y": 6795,
    "z": -175,
    "Categories": "Easter Egg",
    "Function": "",
    "Geometry": "Underwater",
    "IPL": ""
  },
  {
    "ID": 359,
    "Location": "Underwater Hotspot (For Underwater Car)",
    "x": -2183.034,
    "y": -1051.004,
    "z": -142.771,
    "Categories": "POI",
    "Function": "Sight",
    "Geometry": "Underwater",
    "IPL": ""
  },
  {
    "ID": 360,
    "Location": "Underwater UFO",
    "x": 762.426,
    "y": 7380.371,
    "z": -111.377,
    "Categories": "Easter Egg",
    "Function": "",
    "Geometry": "Underwater",
    "IPL": ""
  },
  {
    "ID": 361,
    "Location": "Underwater WW2 Tank",
    "x": 4201.633,
    "y": 3643.821,
    "z": -39.016,
    "Categories": "Easter Egg",
    "Function": "",
    "Geometry": "Underwater",
    "IPL": ""
  },
  {
    "ID": 362,
    "Location": "University of San Andreas",
    "x": -1696.866,
    "y": 142.747,
    "z": 64.372,
    "Categories": "",
    "Function": "",
    "Geometry": "POI",
    "IPL": ""
  },
  {
    "ID": 363,
    "Location": "Unknown Building Glitch",
    "x": -11.514,
    "y": -691.262,
    "z": 54.795,
    "Categories": "",
    "Function": "",
    "Geometry": "",
    "IPL": ""
  },
  {
    "ID": 364,
    "Location": "Vanilla Unicorn DJ Booth",
    "x": 123,
    "y": -1281,
    "z": 30,
    "Categories": "Stripclub",
    "Function": "",
    "Geometry": "Inaccessible",
    "IPL": ""
  },
  {
    "ID": 365,
    "Location": "Vanilla Unicorn DJ Booth (close to bar)",
    "x": 126.121,
    "y": -1278.513,
    "z": 29.27,
    "Categories": "Stripclub",
    "Function": "",
    "Geometry": "Inaccessible",
    "IPL": ""
  },
  {
    "ID": 366,
    "Location": "Vanilla Unicorn Empty Room (Bug)",
    "x": 134.121,
    "y": -1289.58,
    "z": 29.27,
    "Categories": "Stripclub",
    "Function": "",
    "Geometry": "Inaccessible",
    "IPL": ""
  },
  {
    "ID": 367,
    "Location": "Vanilla Unicorn Entrance",
    "x": 127.4,
    "y": -1307.7,
    "z": 29.2,
    "Categories": "Stripclub",
    "Function": "",
    "Geometry": "Entrance",
    "IPL": ""
  },
  {
    "ID": 368,
    "Location": "Vanilla Unicorn Manager Room",
    "x": 97.271,
    "y": -1290.994,
    "z": 30.269,
    "Categories": "Stripclub",
    "Function": "",
    "Geometry": "Inside",
    "IPL": ""
  },
  {
    "ID": 369,
    "Location": "Vanilla Unicorn Reception",
    "x": 124,
    "y": -1298,
    "z": 30,
    "Categories": "Stripclub",
    "Function": "",
    "Geometry": "Inaccessible",
    "IPL": ""
  },
  {
    "ID": 370,
    "Location": "Very High Up",
    "x": -129.964,
    "y": 8130.873,
    "z": 6705.307,
    "Categories": "",
    "Function": "",
    "Geometry": "POI",
    "IPL": ""
  },
  {
    "ID": 371,
    "Location": "Vespucci Beach",
    "x": -1600.09,
    "y": -1041.89,
    "z": 13.021,
    "Categories": "Place",
    "Function": "Structure",
    "Geometry": "Point",
    "IPL": ""
  },
  {
    "ID": 372,
    "Location": "Vespucci Beach - Dr. Friedlander",
    "x": -1907.35,
    "y": -577.235,
    "z": 20.122,
    "Categories": "Glitch",
    "Function": "",
    "Geometry": "Inside",
    "IPL": ""
  },
  {
    "ID": 373,
    "Location": "Vespucci Beach - Under ocean Glitch with Car",
    "x": -2433.39,
    "y": -1332.6,
    "z": -207.486,
    "Categories": "Ocean",
    "Function": "",
    "Geometry": "Underwater",
    "IPL": ""
  },
  {
    "ID": 374,
    "Location": "Vespucci Beach Coral Reef",
    "x": -1942.354,
    "y": -1128.529,
    "z": -34.993,
    "Categories": "POI",
    "Function": "Sight",
    "Geometry": "Underwater",
    "IPL": ""
  },
  {
    "ID": 375,
    "Location": "Vesupucci House Glitch",
    "x": -976.015,
    "y": -1003.84,
    "z": 2.15,
    "Categories": "Glitch",
    "Function": "",
    "Geometry": "Inaccessible",
    "IPL": ""
  },
  {
    "ID": 376,
    "Location": "Vinewood Bowl",
    "x": 684.593,
    "y": 573.285,
    "z": 131,
    "Categories": "POI",
    "Function": "Sight",
    "Geometry": "Point",
    "IPL": ""
  },
  {
    "ID": 377,
    "Location": "Vinewood Bowl Stage",
    "x": 686.245,
    "y": 577.95,
    "z": 130.461,
    "Categories": "",
    "Function": "",
    "Geometry": "POI",
    "IPL": ""
  },
  {
    "ID": 378,
    "Location": "Vinewood Cemetery",
    "x": -1659993,
    "y": -128.399,
    "z": 59.954,
    "Categories": "",
    "Function": "",
    "Geometry": "POI",
    "IPL": ""
  },
  {
    "ID": 379,
    "Location": "Vinewood Garage (Storymode)",
    "x": -66.9,
    "y": 81.647,
    "z": 71.53,
    "Categories": "",
    "Function": "",
    "Geometry": "",
    "IPL": ""
  },
  {
    "ID": 380,
    "Location": "Vinewood Logo Top (Auto Parachute Recieve)",
    "x": 776.878,
    "y": 1175.608,
    "z": 345.956,
    "Categories": "Collectible",
    "Function": "Parachute Bag",
    "Geometry": "Point",
    "IPL": ""
  },
  {
    "ID": 381,
    "Location": "Vinewood sign",
    "x": 711.362,
    "y": 1198.134,
    "z": 348.526,
    "Categories": "",
    "Function": "",
    "Geometry": "POI",
    "IPL": ""
  },
  {
    "ID": 382,
    "Location": "Wall Glitch",
    "x": -135.029,
    "y": -668.502,
    "z": 35.069,
    "Categories": "",
    "Function": "",
    "Geometry": "",
    "IPL": ""
  },
  {
    "ID": 383,
    "Location": "Wall Glitch",
    "x": -134.493,
    "y": -667.152,
    "z": 36.178,
    "Categories": "",
    "Function": "",
    "Geometry": "",
    "IPL": ""
  },
  {
    "ID": 384,
    "Location": "Weazel Plaza",
    "x": -878.544,
    "y": -445.329,
    "z": 125.635,
    "Categories": "",
    "Function": "",
    "Geometry": "",
    "IPL": ""
  },
  {
    "ID": 385,
    "Location": "Weazel Plaza Entrance Trigger",
    "x": -914.272,
    "y": -457.109,
    "z": 39.65,
    "Categories": "Online Safehouse",
    "Function": "Trigger",
    "Geometry": "Point",
    "IPL": ""
  },
  {
    "ID": 386,
    "Location": "Weazel Plaza, Apt. 101",
    "x": -891,
    "y": -450,
    "z": 125,
    "Categories": "Online Safehouse",
    "Function": "",
    "Geometry": "Inside",
    "IPL": ""
  },
  {
    "ID": 387,
    "Location": "Weazel Plaza, Apt. 26",
    "x": -895,
    "y": -436,
    "z": 95,
    "Categories": "Online Safehouse",
    "Function": "",
    "Geometry": "Inside",
    "IPL": ""
  },
  {
    "ID": 388,
    "Location": "Weazel Plaza, Apt. 70",
    "x": -907,
    "y": -440,
    "z": 121,
    "Categories": "Online Safehouse",
    "Function": "",
    "Geometry": "Inside",
    "IPL": ""
  },
  {
    "ID": 389,
    "Location": "Weed Farm",
    "x": 2208.777,
    "y": 5578.235,
    "z": 53.735,
    "Categories": "",
    "Function": "",
    "Geometry": "POI",
    "IPL": ""
  },
  {
    "ID": 390,
    "Location": "Windfarm",
    "x": 2354,
    "y": 1830.3,
    "z": 101.1,
    "Categories": "Place",
    "Function": "",
    "Geometry": "Point",
    "IPL": ""
  },
  {
    "ID": 391,
    "Location": "Windmill Top",
    "x": 2026.677,
    "y": 1842.684,
    "z": 133.313,
    "Categories": "",
    "Function": "",
    "Geometry": "POI",
    "IPL": ""
  },
  {
    "ID": 392,
    "Location": "Yacht",
    "x": -2023.661,
    "y": -1038.038,
    "z": 5.577,
    "Categories": "",
    "Function": "",
    "Geometry": "POI",
    "IPL": "Yes"
  },
  {
    "ID": 393,
    "Location": "Yacht at Beach",
    "x": -2023.455,
    "y": -1038.181,
    "z": 9.063,
    "Categories": "Mission",
    "Function": "",
    "Geometry": "Point",
    "IPL": "Yes"
  },
  {
    "ID": 394,
    "Location": "Yankton Farm house",
    "x": 3547.192,
    "y": -4675.149,
    "z": 114.168,
    "Categories": "",
    "Function": "",
    "Geometry": "",
    "IPL": ""
  },
  {
    "ID": 395,
    "Location": "Yankton Ontop of Mill",
    "x": 3517.079,
    "y": -4635.83,
    "z": 138.901,
    "Categories": "",
    "Function": "",
    "Geometry": "",
    "IPL": ""
  },
  {
    "ID": 396,
    "Location": "Yankton under bank",
    "x": 5299.222,
    "y": -5215.641,
    "z": 1.482,
    "Categories": "",
    "Function": "",
    "Geometry": "",
    "IPL": ""
  },
  {
    "ID": 397,
    "Location": "Zancudo River",
    "x": -558.981,
    "y": 2945.701,
    "z": 14.592,
    "Categories": "POI",
    "Function": "Sight",
    "Geometry": "Point",
    "IPL": ""
  },
  {
    "ID": 398,
    "Location": "Zancudo River - Dirtbike trail",
    "x": -1202.09,
    "y": 2802.44,
    "z": 14.826,
    "Categories": "POI",
    "Function": "Structure",
    "Geometry": "Point",
    "IPL": ""
  }
]
