{
	"member": "Мэрия",
	"blip": [419,0],
	"rank": ["Секретарь","Адвокат", "Охранник", "Начальник охраны", "Зам.Мэра", "Мэр"],
	"spawn": [233.03631591796875, -410.9870300292969, 48.11194610595703],
	"salary": [4500, 6500, 7500, 11500, 16000, 25000],
	"color": [0,33,55,255],
	"personage": [
		[
			{
				"clothes" : [
					[11, 21, 1, 0],
					[8, 73, 2, 0],
					[3, 4, 0, 0]			
				]
			},
			{
				"clothes" : [
					[11, 21, 1, 0],
					[8, 73, 2, 0],
					[3, 4, 0, 0]			
				]
			},
			{
				"clothes" : [
					[11, 21, 1, 0],
					[8, 73, 2, 0],
					[3, 4, 0, 0]			
				]
			},
			{
				"clothes" : [
					[11, 21, 1, 0],
					[8, 73, 2, 0],
					[3, 4, 0, 0]			
				]
			},
			{
				"clothes" : [
					[11, 24, 9, 0],
					[8, 32, 0, 0],
					[3, 4, 0, 0]		
				]
			},
			{
				"clothes" : [
					[11, 28, 2, 0],
					[8, 31, 0, 0],
					[3, 4, 0, 0],
					[7, 18, 0, 0]		
				]
			}			
		],
		[]
	]
}