{
	"member": "SWAT",
	"blip": [60,54],
	"rank": ["Рядовой", "Офицер", "Сержант", "Лейтенант", "Ст.Лейтенант", "Капитан ", "Майор", "Инспектор", "Комиссар"],
	"spawn": [-1042.496337890625, -828.5148315429688, 10.880904197692871],
	"defaultWeapons": [
		["WEAPON_DAGGER", 0],
		["WEAPON_FLASHLIGHT", 0]
	],
	"weapons": [
		["WEAPON_APPISTOL", 150],
		["WEAPON_ASSAULTSMG", 300],
		["WEAPON_COMBATPDW", 300],
		["WEAPON_ASSAULTSHOTGUN", 100]
	],
	"weaponsPoint" : [-1029.471, -843.373, 10.847],
	"salary": [3500, 4500, 7000, 9000, 12000, 15000, 18000, 20000],
	"color": [0,0,0,255],
	"personage": [
		[
			{
				"clothes": [
					[11, 186, 0, 0],
					[3, 1, 0, 0],
					[8, 130, 0, 0],
					[6, 25, 0, 0],
					[4, 84, 0, 0]
				],
				"prop": [
					[0, 126, 0, 0]
				]
			},
			{
				"clothes": [
					[11, 54, 0, 0],
					[3, 17, 0, 0],
					[8, 130, 0, 0],
					[6, 25, 0, 0],
					[4, 41, 0, 0]
				],
				"prop": [
					[0, 126, 0, 0]
				]
			},
			{
				"clothes": [
					[11, 243, 0, 0],
					[3, 17, 0, 0],
					[8, 130, 0, 0],
					[6, 25, 0, 0],
					[4, 34, 0, 0]
				],
				"prop": [
					[0, 126, 0, 0]
				]
			},
			{
				"clothes": [
					[11, 54, 0, 0],
					[3, 17, 0, 0],
					[8, 130, 0, 0],
					[6, 25, 0, 0],
					[4, 41, 0, 0],
					[1, 0, 0, 0]
				]
			},
			{
				"clothes": [
					[11, 243, 0, 0],
					[3, 17, 0, 0],
					[8, 130, 0, 0],
					[6, 25, 0, 0],
					[4, 34, 0, 0],
					[1, 0, 0, 0]
				]
			},
			{
				"clothes": [
					[11, 49, 0, 0],
					[3, 17, 0, 0],
					[8, 130, 0, 0],
					[6, 25, 0, 0],
					[4, 34, 0, 0],
					[1, 0, 0, 0]
				]
			},
			{
				"clothes": [
					[11, 49, 0, 0],
					[3, 17, 0, 0],
					[8, 130, 0, 0],
					[6, 25, 0, 0],
					[4, 34, 0, 0],
					[1, 0, 0, 0]
				]
			},
			{
				"clothes": [
					[11, 49, 0, 0],
					[3, 17, 0, 0],
					[8, 130, 0, 0],
					[6, 25, 0, 0],
					[4, 34, 0, 0],
					[1, 0, 0, 0]
				]
			},
			{
				"clothes": [
					[11, 49, 0, 0],
					[3, 17, 0, 0],
					[8, 130, 0, 0],
					[6, 25, 0, 0],
					[4, 34, 0, 0],
					[1, 0, 0, 0]
				]
			}
		],
		[
			{
				"clothes": [
					[11, 188, 0, 0],
					[3, 3, 0, 0],
					[8, 152, 0, 0],
					[6, 54, 0, 0],
					[4, 86, 0, 0]
				],
				"prop": [
					[0, 125, 0, 0]
				]
			},
			{
				"clothes": [
					[11, 47, 0, 0],
					[3, 18, 0, 0],
					[8, 152, 0, 0],
					[6, 54, 0, 0],
					[4, 42, 0, 0]
				],
				"prop": [
					[0, 125, 0, 0]
				]
			},
			{
				"clothes": [
					[11, 251, 0, 0],
					[3, 18, 0, 0],
					[8, 152, 0, 0],
					[6, 54, 0, 0],
					[4, 42, 0, 0]
				],
				"prop": [
					[0, 125, 0, 0]
				]
			},
			{
				"clothes": [
					[11, 47, 0, 0],
					[3, 18, 0, 0],
					[8, 152, 0, 0],
					[6, 54, 0, 0],
					[4, 42, 0, 0],
					[1, 0, 0, 0]
				]
			},
			{
				"clothes": [
					[11, 251, 0, 0],
					[3, 18, 0, 0],
					[8, 152, 0, 0],
					[6, 54, 0, 0],
					[4, 33, 0, 0],
					[1, 0, 0, 0]
				]
			},
			{
				"clothes": [
					[11, 42, 0, 0],
					[3, 18, 0, 0],
					[8, 152, 0, 0],
					[6, 54, 0, 0],
					[4, 33, 0, 0],
					[1, 0, 0, 0]
				]
			},
			{
				"clothes": [
					[11, 42, 0, 0],
					[3, 18, 0, 0],
					[8, 152, 0, 0],
					[6, 54, 0, 0],
					[4, 33, 0, 0],
					[1, 0, 0, 0]
				]
			},
			{
				"clothes": [
					[11, 42, 0, 0],
					[3, 18, 0, 0],
					[8, 152, 0, 0],
					[6, 54, 0, 0],
					[4, 33, 0, 0],
					[1, 0, 0, 0]
				]
			},
			{
				"clothes": [
					[11, 42, 0, 0],
					[3, 18, 0, 0],
					[8, 152, 0, 0],
					[6, 54, 0, 0],
					[4, 33, 0, 0],
					[1, 0, 0, 0]
				]
			}
		]
	],
	"ammunition": [
		[
			{		
				"prop": [
					[0, 125, 0, 0]
					]	
			},
			{		
				"prop": [
					[0, 125, 0, 0]
					]	
			},	
			{
				"prop": [
					[0, 125, 0, 0]
					]	
			},	
			{
				"clothes": [
					[1, 28, 0, 0]
					]
			},	
			{
				"clothes": [
					[1, 28, 2, 0]
					]	
			},	
			{
				"clothes": [
					[1, 129, 1, 0]
					]
			},	
			{	
				"clothes": [
					[1, 130, 0, 0]
					]
			},	
			{
				"clothes": [
					[1, 125, 0, 0]
					]
			},
			{
				"clothes": [
					[1, 125, 19, 0]
					]
			}			
		],
		[
			{	
				"prop": [
					[0, 124, 0, 0]
					]	
			},
			{	
				"prop": [
					[0, 124, 0, 0]
					]	
			},
			{	
				"prop": [
					[0, 124, 0, 0]
					]	
			},
			{
				"clothes": [
					[1, 28, 0, 0]
					]
			},	
			{
				"clothes": [
					[1, 28, 2, 0]
					]	
			},	
			{
				"clothes": [
					[1, 129, 1, 0]
					]
			},	
			{	
				"clothes": [
					[1, 130, 0, 0]
					]
			},	
			{
				"clothes": [
					[1, 125, 0, 0]
					]
			},
			{
				"clothes": [
					[1, 125, 19, 0]
					]
			}
		]
	]
}